Case ID,voxel_mm,binWidth,status,error,roi_voxels,original_firstorder_10Percentile,original_firstorder_90Percentile,original_firstorder_Energy,original_firstorder_Entropy,original_firstorder_InterquartileRange,original_firstorder_Kurtosis,original_firstorder_Maximum,original_firstorder_Mean,original_firstorder_MeanAbsoluteDeviation,original_firstorder_Median,original_firstorder_Minimum,original_firstorder_Range,original_firstorder_RobustMeanAbsoluteDeviation,original_firstorder_RootMeanSquared,original_firstorder_Skewness,original_firstorder_TotalEnergy,original_firstorder_Uniformity,original_firstorder_Variance,original_glcm_Autocorrelation,original_glcm_ClusterProminence,original_glcm_ClusterShade,original_glcm_ClusterTendency,original_glcm_Contrast,original_glcm_Correlation,original_glcm_DifferenceAverage,original_glcm_DifferenceEntropy,original_glcm_DifferenceVariance,original_glcm_Id,original_glcm_Idm,original_glcm_Idmn,original_glcm_Idn,original_glcm_Imc1,original_glcm_Imc2,original_glcm_InverseVariance,original_glcm_JointAverage,original_glcm_JointEnergy,original_glcm_JointEntropy,original_glcm_MCC,original_glcm_MaximumProbability,original_glcm_SumAverage,original_glcm_SumEntropy,original_glcm_SumSquares,original_gldm_DependenceEntropy,original_gldm_DependenceNonUniformity,original_gldm_DependenceNonUniformityNormalized,original_gldm_DependenceVariance,original_gldm_GrayLevelNonUniformity,original_gldm_GrayLevelVariance,original_gldm_HighGrayLevelEmphasis,original_gldm_LargeDependenceEmphasis,original_gldm_LargeDependenceHighGrayLevelEmphasis,original_gldm_LargeDependenceLowGrayLevelEmphasis,original_gldm_LowGrayLevelEmphasis,original_gldm_SmallDependenceEmphasis,original_gldm_SmallDependenceHighGrayLevelEmphasis,original_gldm_SmallDependenceLowGrayLevelEmphasis,original_glrlm_GrayLevelNonUniformity,original_glrlm_GrayLevelNonUniformityNormalized,original_glrlm_GrayLevelVariance,original_glrlm_HighGrayLevelRunEmphasis,original_glrlm_LongRunEmphasis,original_glrlm_LongRunHighGrayLevelEmphasis,original_glrlm_LongRunLowGrayLevelEmphasis,original_glrlm_LowGrayLevelRunEmphasis,original_glrlm_RunEntropy,original_glrlm_RunLengthNonUniformity,original_glrlm_RunLengthNonUniformityNormalized,original_glrlm_RunPercentage,original_glrlm_RunVariance,original_glrlm_ShortRunEmphasis,original_glrlm_ShortRunHighGrayLevelEmphasis,original_glrlm_ShortRunLowGrayLevelEmphasis,original_glszm_GrayLevelNonUniformity,original_glszm_GrayLevelNonUniformityNormalized,original_glszm_GrayLevelVariance,original_glszm_HighGrayLevelZoneEmphasis,original_glszm_LargeAreaEmphasis,original_glszm_LargeAreaHighGrayLevelEmphasis,original_glszm_LargeAreaLowGrayLevelEmphasis,original_glszm_LowGrayLevelZoneEmphasis,original_glszm_SizeZoneNonUniformity,original_glszm_SizeZoneNonUniformityNormalized,original_glszm_SmallAreaEmphasis,original_glszm_SmallAreaHighGrayLevelEmphasis,original_glszm_SmallAreaLowGrayLevelEmphasis,original_glszm_ZoneEntropy,original_glszm_ZonePercentage,original_glszm_ZoneVariance,original_ngtdm_Busyness,original_ngtdm_Coarseness,original_ngtdm_Complexity,original_ngtdm_Contrast,original_ngtdm_Strength,original_shape_Elongation,original_shape_Flatness,original_shape_LeastAxisLength,original_shape_MajorAxisLength,original_shape_Maximum2DDiameterColumn,original_shape_Maximum2DDiameterRow,original_shape_Maximum2DDiameterSlice,original_shape_Maximum3DDiameter,original_shape_MeshVolume,original_shape_MinorAxisLength,original_shape_Sphericity,original_shape_SurfaceArea,original_shape_SurfaceVolumeRatio,original_shape_VoxelVolume
AMC-007,1,25,ok,,315,-603.0,-399.19999999999993,84559927.0,3.693186282399861,109.5,4.2708089229240365,-181.0,-510.9428571428571,67.15700680272109,-524.0,-675.0,494.0,45.588561350466115,518.116022429738,0.9624277822126115,84559927.0,0.09232552280171327,7381.609433106574,59.3184079526801,2587.35125430524,92.78813105674607,27.604853354292878,16.65597702999716,0.2505564596135141,3.1399021090681716,3.0926697428228014,6.636488978584416,0.36242553813054246,0.27217014870271805,0.963577615138293,0.8741520619307219,-0.14146766757185072,0.8014865414037632,0.27461552423575414,7.5215829286559295,0.011325906107204008,6.823913872089127,0.4758369843136929,0.029759373062054104,15.043165857311855,4.288404890666952,11.065207596072508,5.785091052068644,60.56190476190476,0.19226001511715798,2.476734693877551,29.082539682539682,11.70898463088939,62.006349206349206,11.025396825396825,582.3428571428572,0.369466834943096,0.056117085829102235,0.3237367499910017,24.794055254112227,0.030443938258199965,26.407145873243657,0.09052576331527627,12.1686241472226,62.745865623136645,1.2501378670343262,75.92926299250291,0.06628052502392405,0.05793728082693203,4.0681697851641925,251.01636215433234,0.8592632835969896,0.9260073260073262,0.08132929278843275,0.941914032708209,59.6657463181032,0.05597156273574348,8.061946902654867,0.0713446628553528,20.725507087477485,76.24778761061947,32.02654867256637,1413.8230088495575,1.1091345358954334,0.0929877526606943,50.02654867256637,0.44271282011120683,0.6893705662135801,56.52010892393133,0.07626485199133114,5.238042462956293,0.35873015873015873,24.255775706789883,0.39004343958653115,0.020406366334923105,371.0667733460416,0.13112140240788955,3.376376106790931,0.8861027508559393,0.5778801577095776,5.887055305446691,10.18732902818463,12.041594578792296,10.816653826391969,11.40175425099138,12.083045973594572,303.8333333333333,9.027020275748963,0.6907849065448223,316.39642196779783,1.041348618654299,315.0
AMC-007,1,50,ok,,315,-603.0,-399.19999999999993,84559927.0,2.736632088072338,109.5,4.2708089229240365,-181.0,-510.9428571428571,67.15700680272109,-524.0,-675.0,494.0,45.588561350466115,518.116022429738,0.9624277822126115,84559927.0,0.1817384731670446,7381.609433106574,21.084278513250993,176.70889700620364,12.069598833996539,7.16839486166375,4.347094429109374,0.24807977947453683,1.581289743067021,2.2592419852148242,1.8056342773949297,0.5066121012355685,0.44660875777550485,0.9680557177998665,0.8835998986331539,-0.07848295994190763,0.5832300544810847,0.4352230944618384,4.514099142686989,0.03665896512992857,5.227740846541019,0.3609319110556344,0.0746302320732314,9.028198285373978,3.3618806822060567,2.878872322693281,5.464921925076139,37.8,0.12,5.759294532627866,57.24761904761905,3.022060972537163,21.498412698412697,27.33015873015873,516.4507936507937,1.9845100322585636,0.09742468930303914,0.17399088735780485,5.182550603300629,0.029812306635575422,47.20975228178246,0.17425334670069142,3.265198700047578,21.900566370699316,1.5536772099133256,32.25557882867049,0.14290461944776828,0.10117137045838688,3.40235781281115,205.25495923614574,0.7550695626272808,0.8598290598290599,0.19248416884751035,0.8910467051343546,19.773046430359045,0.09310796434194137,8.132075471698114,0.15343538625845496,8.820220719117122,32.15094339622642,298.50943396226415,4720.528301886792,23.583163997065867,0.18794233817170392,24.358490566037737,0.4595941616233535,0.7005416519786204,23.751982577874827,0.14605730524656663,4.240965071408969,0.16825396825396827,263.185475258099,1.0895173359390022,0.02006654988300312,57.28845959930565,0.06037077184209608,1.0118117240442945,0.8861027508559393,0.5778801577095776,5.887055305446691,10.18732902818463,12.041594578792296,10.816653826391969,11.40175425099138,12.083045973594572,303.8333333333333,9.027020275748963,0.6907849065448223,316.39642196779783,1.041348618654299,315.0
AMC-007,1,75,ok,,315,-603.0,-399.19999999999993,84559927.0,2.1529152827062483,109.5,4.2708089229240365,-181.0,-510.9428571428571,67.15700680272109,-524.0,-675.0,494.0,45.588561350466115,518.116022429738,0.9624277822126115,84559927.0,0.26992189468379946,7381.609433106574,8.511531764540631,34.793140900780344,3.6213402740115694,3.2110643966588452,1.9515955343325406,0.24672347507585993,1.0367076254287597,1.7877164237652623,0.8590176170654816,0.6028911247605482,0.5688999045049342,0.9648084895525085,0.8819553254014401,-0.061295961974651626,0.4672150042384689,0.5016593320676647,2.8628365715544555,0.07698217571652254,4.170998258301661,0.3212202101614732,0.143330414513606,5.725673143108911,2.7978964154027635,1.2906649827478465,5.219814454420294,28.942857142857143,0.09188208616780046,9.57782816830436,85.02539682539683,1.3482892416225751,8.698412698412698,50.092063492063495,373.4349206349206,9.348284310549616,0.2489633228952957,0.11891083590491061,1.5555635828725973,0.05404842490339757,62.90017880914445,0.2514664396264005,1.5245602522799184,8.982610973525599,1.9445460591219228,16.042335523175424,0.4504506136334562,0.2631542575550936,3.071170288512753,165.68218816423376,0.6591069042576236,0.7936507936507937,0.33801308074510233,0.8378236664723518,7.715339572866806,0.23186722773231658,10.052631578947368,0.26454293628808867,4.681440443213296,14.0,647.1315789473684,4169.263157894737,126.70036848072561,0.487780761427378,16.0,0.42105263157894735,0.6704431150159771,9.968992907539779,0.35281701900175627,3.6222844210536493,0.12063492063492064,578.4162049861495,2.909163454651156,0.02017111583452498,16.096557622772256,0.04779612985698931,0.41848224727065836,0.8861027508559393,0.5778801577095776,5.887055305446691,10.18732902818463,12.041594578792296,10.816653826391969,11.40175425099138,12.083045973594572,303.8333333333333,9.027020275748963,0.6907849065448223,316.39642196779783,1.041348618654299,315.0
AMC-007,1,100,ok,,315,-603.0,-399.19999999999993,84559927.0,1.7972939251982385,109.5,4.2708089229240365,-181.0,-510.9428571428571,67.15700680272109,-524.0,-675.0,494.0,45.588561350466115,518.116022429738,0.9624277822126115,84559927.0,0.3519576719576719,7381.609433106574,6.546606023109328,12.140540995065704,1.513340927854575,1.8466183413792894,1.15310606621357,0.23267339966035966,0.7600655854664922,1.517032644454089,0.5673607745179742,0.6763084594907471,0.6582676815552554,0.9712383252537483,0.8979656424806303,-0.05586633991416073,0.4112366619364978,0.4956929393656423,2.524432644920731,0.1300244474512541,3.4518061606477652,0.30281232520006585,0.24194132756938913,5.048865289841462,2.420182007766701,0.7499311018982149,5.208535958301646,22.47301587301587,0.07134290753338372,17.814804736709497,110.86666666666666,0.7889543965734442,6.625396825396826,83.91428571428571,509.8952380952381,17.030002645502645,0.27076278659611996,0.10224235994710348,0.9234156934243013,0.05232226945335363,72.25273432298167,0.3154336596945439,0.950663413461214,6.835605525880225,2.481435327018915,15.732125885045608,0.6096467078483144,0.29292548011676034,2.9761976519378694,132.91648115397658,0.5765603686694813,0.7257631257631257,0.5473686545212609,0.7853242793978914,5.509510313827567,0.24701068915666505,10.942857142857143,0.31265306122448977,2.8734693877551023,9.485714285714286,926.7142857142857,4837.0,204.00730952380954,0.5248571428571429,14.657142857142857,0.41877551020408166,0.6687098777105341,6.447716563047724,0.3771904404726493,3.339877574570942,0.1111111111111111,845.7142857142858,3.1262690784459988,0.02163140429861958,9.03292744628721,0.029654356051982536,0.32979753618060825,0.8861027508559393,0.5778801577095776,5.887055305446691,10.18732902818463,12.041594578792296,10.816653826391969,11.40175425099138,12.083045973594572,303.8333333333333,9.027020275748963,0.6907849065448223,316.39642196779783,1.041348618654299,315.0
AMC-007,2,25,ok,,47,-627.8,-383.4,13238685.0,3.5564313410768875,112.5,2.790129019449649,-288.0,-523.5106382978723,70.28519692168402,-533.0,-663.0,375.0,48.76260043827612,530.7298266879018,0.5891896158243229,105909480.0,0.0991398822996831,7610.7605251244895,46.253129584775934,1710.4815369496232,46.22916676888894,24.754004074275105,24.41190075943035,0.007704927507123779,3.9458653887113564,2.950976364831833,8.502431393556025,0.3073991084029204,0.21139552519789745,0.9235457921540201,0.8186119944708689,-0.5084866497529756,0.98235979128729,0.22914824025346928,6.791864225742194,0.030313171304301903,5.176056116668009,0.8451758895062617,0.06054822616379715,13.583728451484388,3.5834776919682167,12.291476208426362,4.367898691873005,14.787234042553191,0.31462200090538706,0.9144409234947939,4.659574468085107,12.459936622906291,55.40425531914894,4.829787234042553,246.9787234042553,0.235346597459313,0.09078863147072973,0.49331560283687936,27.686075650118205,0.07229006529851997,4.411903182858156,0.09750301931244537,12.646715377450887,55.54942280407934,1.1241016763261453,61.923341975571816,0.09757817340251673,0.09291966032225972,3.6761819150638044,42.078832581865946,0.928296977678952,0.9623567921440261,0.04086575617476896,0.9708739161511322,54.0243190795823,0.09180779136421406,2.3333333333333335,0.08641975308641975,15.871056241426611,56.925925925925924,5.592592592592593,270.51851851851853,0.28279169277687155,0.13157638495789734,13.222222222222221,0.4897119341563786,0.7206218564243255,40.19444444444444,0.12122863174233402,4.106377316818021,0.574468085106383,2.56241426611797,0.16777467398219936,0.09554489519833943,218.88278781285058,0.38977562139128397,6.70097459355101,0.8545314149989243,0.5736688977828819,6.102018997297513,10.636830793652267,12.806248474865697,11.661903789690601,10.770329614269007,12.806248474865697,338.6666666666667,9.089506069203802,0.7778413370094178,302.07033280903664,0.891939959081801,376.0
AMC-007,2,50,ok,,47,-627.8,-383.4,13238685.0,2.7259164943459036,112.5,2.790129019449649,-288.0,-523.5106382978723,70.28519692168402,-533.0,-663.0,375.0,48.76260043827612,530.7298266879018,0.5891896158243229,105909480.0,0.1670439112720688,7610.7605251244895,17.375706035733163,110.23070912919411,4.926794512649698,6.189379935816429,6.15948438897785,0.004876155899217583,1.9685341138634362,2.25125661630444,2.1787897391422764,0.4442455423614788,0.36946197900351707,0.9367800322962483,0.8350111172354006,-0.30949565337339663,0.8842900264201077,0.3983521125560783,4.166307950166271,0.04802711939197361,4.584697081855196,0.6699417218678072,0.08905001634750954,8.332615900332543,2.992504333480584,3.0872160811985703,4.263715777995564,10.702127659574469,0.22770484382073336,1.9837030330466274,7.851063829787234,3.166138524219104,19.680851063829788,10.23404255319149,189.17021276595744,0.8317441957082281,0.13202595380153637,0.2942167221498529,5.983820982293627,0.07161419394589986,7.193351132513836,0.16484586241860855,3.290908894650082,19.762323500468632,1.2559758408090054,24.535676655571027,0.1563817496456689,0.13618622061855237,3.011936286912066,38.044130568903064,0.8680860962490549,0.9279869067103109,0.08574222071918292,0.944257048048757,18.72023211293993,0.1316049494543843,2.8823529411764706,0.1695501730103806,5.2387543252595155,19.41176470588235,14.764705882352942,282.6470588235294,1.180039608435967,0.22392783039141584,5.588235294117647,0.328719723183391,0.5714415270240327,11.08878705476681,0.17921339059039595,3.69011651759366,0.3617021276595745,7.121107266435986,0.3910302258358632,0.11669447768040034,34.472943519928656,0.15895690537448567,2.3527535293289863,0.8545314149989243,0.5736688977828819,6.102018997297513,10.636830793652267,12.806248474865697,11.661903789690601,10.770329614269007,12.806248474865697,338.6666666666667,9.089506069203802,0.7778413370094178,302.07033280903664,0.891939959081801,376.0
AMC-007,2,75,ok,,47,-627.8,-383.4,13238685.0,2.195828428266802,112.5,2.790129019449649,-288.0,-523.5106382978723,70.28519692168402,-533.0,-663.0,375.0,48.76260043827612,530.7298266879018,0.5891896158243229,105909480.0,0.25305568130375733,7610.7605251244895,6.80186735415936,29.922538764652494,3.2019606536007954,3.186764087188246,3.061474343644995,0.024999403459493103,1.336665791060678,1.9566978990909925,1.225516483347848,0.5464293062525741,0.4953834518397672,0.9307596000377097,0.8360767143331108,-0.19687769229838684,0.7395201787332405,0.4527220931106771,2.6011744079569494,0.08049914832478916,3.9546911305452,0.5305597116043308,0.16109059704310125,5.202348815913898,2.5798549141410327,1.5620596077083102,4.110454745700456,7.212765957446808,0.15346310547759168,4.698053417836125,11.893617021276595,1.5264825712992305,7.723404255319149,21.21276595744681,119.42553191489361,5.458764775413712,0.3419444444444445,0.20407008370724178,2.389846215081777,0.07936508020268786,9.981963718112308,0.24060010806331264,1.6399322938167566,7.975517753999639,1.4246237721041433,10.46192103808136,0.46796752565794236,0.35054635698277214,2.6952466182322796,32.50200809822842,0.780038966927558,0.8821603927986907,0.12983407821616424,0.9023548144725759,7.3992060268512985,0.32300636352536477,2.6666666666666665,0.2222222222222222,2.7430555555555554,11.25,38.583333333333336,208.91666666666666,10.598865740740742,0.39395833333333335,4.0,0.3333333333333333,0.5323971193415638,6.9858436213991775,0.20237768632830366,3.2516291673878195,0.2553191489361702,23.243055555555554,0.9758696587769953,0.1120050455491956,14.155179345325937,0.09937499968378996,1.4287635733639361,0.8545314149989243,0.5736688977828819,6.102018997297513,10.636830793652267,12.806248474865697,11.661903789690601,10.770329614269007,12.806248474865697,338.6666666666667,9.089506069203802,0.7778413370094178,302.07033280903664,0.891939959081801,376.0
AMC-007,2,100,ok,,47,-627.8,-383.4,13238685.0,1.9520094660166156,112.5,2.790129019449649,-288.0,-523.5106382978723,70.28519692168402,-533.0,-663.0,375.0,48.76260043827612,530.7298266879018,0.5891896158243229,105909480.0,0.2928927116342236,7610.7605251244895,5.574316081955842,9.551113598853105,0.9807365083802986,1.8515829429052408,1.7991147682397153,0.019066329477643935,1.034348729367212,1.6254226744328606,0.7004184165389158,0.5931428144721209,0.5585380360864999,0.9393181308276437,0.8445583322989552,-0.15245461100989546,0.6303422071278622,0.5217168556679258,2.357233292879099,0.10597191294372035,3.5236906151032907,0.45168777559545814,0.19250622878078175,4.714466585758197,2.2917362820467084,0.9126744277862389,4.080456670504349,6.404255319148936,0.13626075147125397,5.39791760977818,13.76595744680851,0.9751018560434586,6.25531914893617,25.93617021276596,132.2127659574468,6.692783687943263,0.3526536643026004,0.15651575977120558,1.3956256868389594,0.07595649444766087,11.243941738871136,0.27667609431403645,1.062850549409141,6.405281789492316,1.5145858069305287,9.123610500360773,0.5057562350965278,0.3649423986387754,2.5131994054740616,30.894488608653713,0.7558526536743291,0.8641571194762683,0.1620690955609805,0.8888245257956181,5.806829585765845,0.3337942932431321,2.5555555555555554,0.2839506172839506,2.2469135802469133,8.222222222222221,63.888888888888886,335.77777777777777,16.72743827160494,0.5029012345679011,2.3333333333333335,0.25925925925925924,0.4693750637690031,4.915054586266707,0.2510067371951841,2.947702779220087,0.19148936170212766,36.617283950617285,1.0205280331313364,0.12380266089686688,7.539778600011174,0.07645947370941988,0.9410453808490409,0.8545314149989243,0.5736688977828819,6.102018997297513,10.636830793652267,12.806248474865697,11.661903789690601,10.770329614269007,12.806248474865697,338.6666666666667,9.089506069203802,0.7778413370094178,302.07033280903664,0.891939959081801,376.0
AMC-007,3,25,ok,,12,-608.8,-373.9,3179833.0,2.918295834054487,129.75,1.9704770391529358,-366.0,-505.9166666666667,80.91666666666667,-513.0,-675.0,309.0,53.125,514.7679898102963,-0.031447547605873184,85855491.0,0.1388888888888889,9034.409722222223,49.52638888888888,1442.278423996913,-5.556520061728368,24.435185185185187,32.33888888888888,-0.18181145297024606,4.805555555555555,1.4243210913608053,7.274074074074075,0.233801052342719,0.12181075784493935,0.863585846256688,0.7498929522747737,-0.844501387006579,0.9860442851572483,0.1461253523400101,7.069444444444444,0.1793402777777778,2.561821091360804,0.9999999999999969,0.1923611111111111,14.138888888888888,1.5826544246941385,14.193518518518518,2.918295834054487,8.666666666666666,0.7222222222222222,0.1388888888888889,1.6666666666666667,14.88888888888889,68.66666666666667,1.5,153.16666666666666,0.11769798819611854,0.11473940831446174,0.875,47.541666666666664,0.11399976334404753,1.6565656565656566,0.13902280379553106,14.7363024181206,67.90656565656565,1.0227272727272727,71.74747474747473,0.11569830019204574,0.11556381928833408,2.917935937315176,11.765151515151516,0.9862258953168044,0.9930555555555555,0.0068870523415977955,0.9943181818181818,66.94633838383838,0.11553019906240615,1.5454545454545454,0.14049586776859505,13.057851239669422,59.54545454545455,1.2727272727272727,105.63636363636364,0.12624611084546983,0.12463234000092975,9.181818181818182,0.8347107438016529,0.9318181818181818,48.02272727272727,0.1242288972897947,2.9139770731827497,0.9166666666666666,0.08264462809917354,0.1284608627165879,0.17827035312149972,146.3692791005291,1.8314817439321407,11.726369353367575,0.8765754473669805,0.49310030794943827,5.363647560493737,10.877396493217596,12.36931687685298,10.816653826391969,12.36931687685298,12.36931687685298,238.5,9.534858697230238,0.74218435528918,250.5904895606903,1.0506938765647391,324.0
AMC-007,3,50,ok,,12,-608.8,-373.9,3179833.0,2.459147917027243,129.75,1.9704770391529358,-366.0,-505.9166666666667,80.91666666666667,-513.0,-675.0,309.0,53.125,514.7679898102963,-0.031447547605873184,85855491.0,0.19444444444444445,9034.409722222223,17.320833333333333,99.97908312114197,-1.4258695987654282,6.450023148148148,8.231944444444444,-0.19691565979940107,2.451388888888889,1.3113720461768443,1.82974537037037,0.35287037037037033,0.2546013377631025,0.8751352415270572,0.757928915220582,-0.8032682606318625,0.9762503105363826,0.35143904320987657,4.1715277777777775,0.19048611111111113,2.4659877580274707,0.9999999999999978,0.22152777777777777,8.343055555555555,1.4104322024719165,3.670491898148148,2.918295834054487,6.666666666666667,0.5555555555555556,0.2222222222222222,2.3333333333333335,3.888888888888889,22.666666666666668,2.0,59.666666666666664,0.18998204837490554,0.15977796674225248,0.75,13.416666666666666,0.1522269463340892,2.2929292929292924,0.1937174778083869,3.885368839914294,22.449494949494948,1.0454545454545456,24.131313131313135,0.1631141202272155,0.16174120742573128,2.493212056656744,11.530303030303031,0.9724517906336088,0.986111111111111,0.013774104683195591,0.9886363636363636,22.029040404040405,0.16139797922536023,1.8,0.18,3.8000000000000007,19.8,1.6,42.0,0.2038151927437642,0.18569274376417236,6.8,0.68,0.85,14.25,0.18116213151927438,2.92192809488736,0.8333333333333334,0.16,0.16601757369614512,0.2581482303529051,30.114343033509698,0.45026577503429355,4.73428663912108,0.8765754473669805,0.49310030794943827,5.363647560493737,10.877396493217596,12.36931687685298,10.816653826391969,12.36931687685298,12.36931687685298,238.5,9.534858697230238,0.74218435528918,250.5904895606903,1.0506938765647391,324.0
AMC-007,3,75,ok,,12,-608.8,-373.9,3179833.0,2.2295739585136207,129.75,1.9704770391529358,-366.0,-505.9166666666667,80.91666666666667,-513.0,-675.0,309.0,53.125,514.7679898102963,-0.031447547605873184,85855491.0,0.2222222222222222,9034.409722222223,6.813888888888887,23.886673688271603,0.15983487654321082,3.220925925925926,4.2250000000000005,-0.1358524427267335,1.6555555555555552,1.2419276017324,1.0693518518518517,0.47706018518518517,0.4121078431372549,0.8772168552353333,0.7756696428571429,-0.6436836370294553,0.937484835920181,0.4527681327160494,2.6222222222222222,0.2094328703703704,2.3812655358052486,0.9490862246742431,0.2722222222222222,5.2444444444444445,1.4104322024719165,1.8614814814814815,2.9182958340544864,6.0,0.5,0.3333333333333333,2.6666666666666665,1.8888888888888888,9.0,4.333333333333333,31.833333333333332,1.8860416666666666,0.35215277777777776,0.35185185185185186,3.7546296296296298,0.0844212962962963,2.5757575757575757,0.22405876951331496,1.8755739210284663,9.075757575757576,1.1363636363636365,10.075757575757576,0.40832807239057245,0.3480755471380472,2.3004608376048132,10.590909090909092,0.9173553719008264,0.9583333333333331,0.04132231404958677,0.9659090909090908,8.825757575757576,0.33301241582491586,1.3333333333333333,0.2222222222222222,1.6666666666666665,10.666666666666666,4.666666666666667,34.333333333333336,2.004675925925926,0.26245370370370374,2.0,0.3333333333333333,0.4537037037037037,5.6759259259259265,0.058379629629629635,2.5849625007211543,0.5,0.6666666666666666,0.44821428571428573,0.3522751100859719,10.948759920634922,0.22038286302175192,2.856980896774559,0.8765754473669805,0.49310030794943827,5.363647560493737,10.877396493217596,12.36931687685298,10.816653826391969,12.36931687685298,12.36931687685298,238.5,9.534858697230238,0.74218435528918,250.5904895606903,1.0506938765647391,324.0
AMC-007,3,100,ok,,12,-608.8,-373.9,3179833.0,1.9999999999999987,129.75,1.9704770391529358,-366.0,-505.9166666666667,80.91666666666667,-513.0,-675.0,309.0,53.125,514.7679898102963,-0.031447547605873184,85855491.0,0.25,9034.409722222223,5.908333333333334,10.43568672839506,-0.2561728395061727,2.1615740740740743,2.461111111111111,-0.12248929786339481,1.3,1.2117396329914143,0.581111111111111,0.5133101851851851,0.46611111111111114,0.8833954248366013,0.7752513227513226,-0.62295673932649,0.927250315457612,0.5693287037037037,2.423611111111111,0.21276620370370372,2.3479322024719154,0.930234041078391,0.28055555555555556,4.847222222222222,1.3354322024719165,1.1556712962962963,2.9182958340544864,6.0,0.5,0.3333333333333333,3.0,1.25,7.5,4.333333333333333,25.833333333333332,1.9010416666666667,0.35590277777777773,0.35185185185185186,3.3796296296296298,0.0853587962962963,2.9090909090909096,0.25309917355371897,1.2448347107438016,7.575757575757577,1.1363636363636365,8.37121212121212,0.41258943602693604,0.35182554713804715,2.0813220590236288,10.590909090909092,0.9173553719008264,0.9583333333333331,0.04132231404958677,0.9659090909090908,7.37689393939394,0.3366345749158249,1.6666666666666667,0.2777777777777778,1.1388888888888888,9.166666666666666,4.666666666666667,28.333333333333332,2.019675925925926,0.2662037037037037,2.0,0.3333333333333333,0.4537037037037037,5.300925925925926,0.05931712962962963,2.5849625007211543,0.5,0.6666666666666666,0.5692857142857143,0.35131744040150564,5.320436507936509,0.1976686507936508,1.7565872020075282,0.8765754473669805,0.49310030794943827,5.363647560493737,10.877396493217596,12.36931687685298,10.816653826391969,12.36931687685298,12.36931687685298,238.5,9.534858697230238,0.74218435528918,250.5904895606903,1.0506938765647391,324.0
AMC-007,5,25,ok,,4,-603.2,-396.4,1032888.0,1.9999999999999987,142.0,1.4846697291741087,-376.0,-499.0,89.0,-497.0,-626.0,250.0,53.0,508.1554880152334,-0.043421689795974,129111000.0,0.25,9221.000000000002,37.333333333333336,0.0,0.0,0.0,39.333333333333336,-1.0,5.666666666666667,-3.203426503814917e-16,0.0,0.1797017797017797,0.06165994855569695,0.7844482268130263,0.6771060380967501,-1.0,0.9298734950321936,0.07140046296296297,6.5,0.5,0.9999999999999992,0.9999999999999997,0.5,13.0,-3.203426503814917e-16,9.833333333333334,1.9999999999999987,4.0,1.0,0.0,1.0,14.75,57.0,1.0,57.0,0.2651525354555658,0.2651525354555658,1.0,57.0,0.2651525354555658,1.0,0.25,14.75,57.0,1.0,57.0,0.2651525354555658,0.2651525354555658,1.9999999999999984,4.0,1.0,1.0,0.0,1.0,57.0,0.2651525354555658,1.0,0.25,14.75,57.0,1.0,57.0,0.2651525354555658,0.2651525354555658,4.0,1.0,1.0,57.0,0.2651525354555658,1.9999999999999987,1.0,0.0,0.27450980392156865,0.21428571428571427,86.0,11.472222222222223,12.642857142857142,1.0,0.49999999999999994,5.0,10.0,11.180339887498949,11.180339887498949,11.180339887498949,11.180339887498949,276.0416666666667,10.0,0.8468924638229605,242.08745425126781,0.8769960606838381,500.0
AMC-007,5,50,ok,,4,-603.2,-396.4,1032888.0,1.9999999999999987,142.0,1.4846697291741087,-376.0,-499.0,89.0,-497.0,-626.0,250.0,53.0,508.1554880152334,-0.043421689795974,129111000.0,0.25,9221.000000000002,12.833333333333334,0.0,0.0,0.0,9.833333333333334,-0.9999999999999999,2.8333333333333335,-3.203426503814917e-16,0.0,0.2972222222222222,0.18288084464555054,0.8092407666178157,0.6948773448773449,-1.0,0.9298734950321936,0.2856018518518519,3.75,0.5,0.9999999999999992,0.9999999999999997,0.5,7.5,-3.203426503814917e-16,2.4583333333333335,1.9999999999999987,4.0,1.0,0.0,1.0,3.6875,17.75,1.0,17.75,0.2947222222222222,0.2947222222222222,1.0,17.75,0.2947222222222222,1.0,0.25,3.6875,17.75,1.0,17.75,0.29472222222222216,0.29472222222222216,1.9999999999999984,4.0,1.0,1.0,0.0,1.0,17.75,0.29472222222222216,1.0,0.25,3.6875,17.75,1.0,17.75,0.2947222222222222,0.2947222222222222,4.0,1.0,1.0,17.75,0.2947222222222222,1.9999999999999987,1.0,0.0,0.27450980392156865,0.42857142857142855,21.5,1.434027777777778,6.321428571428571,1.0,0.49999999999999994,5.0,10.0,11.180339887498949,11.180339887498949,11.180339887498949,11.180339887498949,276.0416666666667,10.0,0.8468924638229605,242.08745425126781,0.8769960606838381,500.0
AMC-007,5,75,ok,,4,-603.2,-396.4,1032888.0,1.4999999999999991,142.0,1.4846697291741087,-376.0,-499.0,89.0,-497.0,-626.0,250.0,53.0,508.1554880152334,-0.043421689795974,129111000.0,0.375,9221.000000000002,7.0,0.0,0.0,0.0,4.5,-0.6666666666666665,1.8333333333333333,-3.203426503814917e-16,0.0,0.4444444444444444,0.3499999999999999,0.8035294117647059,0.7126984126984127,-0.8333333333333334,0.7748945791934947,0.28703703703703703,2.75,0.5833333333333334,0.8333333333333327,0.833333333333333,0.5833333333333334,5.5,-3.203426503814917e-16,1.125,1.4999999999999991,2.0,0.5,0.25,1.5,1.6875,9.25,2.5,33.25,0.4375,0.34375,0.625,3.25,0.3203125,1.4166666666666667,0.3680555555555556,1.6655092592592593,8.875,1.1666666666666667,11.541666666666666,0.3697916666666667,0.359375,1.5141604167868585,3.611111111111111,0.9259259259259259,0.9583333333333334,0.037037037037037035,0.9583333333333334,8.208333333333334,0.3567708333333333,1.0,0.3333333333333333,1.5555555555555554,7.0,2.0,23.0,0.5,0.4375,1.6666666666666667,0.5555555555555556,0.75,3.0,0.421875,1.5849625007211552,0.75,0.2222222222222222,0.35714285714285715,0.4,7.888888888888888,0.9374999999999999,3.075,1.0,0.49999999999999994,5.0,10.0,11.180339887498949,11.180339887498949,11.180339887498949,11.180339887498949,276.0416666666667,10.0,0.8468924638229605,242.08745425126781,0.8769960606838381,500.0
AMC-007,5,100,ok,,4,-603.2,-396.4,1032888.0,1.9999999999999987,142.0,1.4846697291741087,-376.0,-499.0,89.0,-497.0,-626.0,250.0,53.0,508.1554880152334,-0.043421689795974,129111000.0,0.25,9221.000000000002,5.833333333333333,0.0,0.0,0.0,3.3333333333333335,-0.9999999999999996,1.6666666666666667,-3.203426503814917e-16,0.0,0.40277777777777773,0.3333333333333333,0.8439215686274509,0.7174603174603175,-1.0,0.9298734950321936,0.6018518518518519,2.5,0.5,0.9999999999999992,0.9999999999999997,0.5,5.0,-3.203426503814917e-16,0.8333333333333334,1.9999999999999987,4.0,1.0,0.0,1.0,1.25,7.5,1.0,7.5,0.3559027777777778,0.3559027777777778,1.0,7.5,0.3559027777777778,1.0,0.25,1.25,7.5,1.0,7.5,0.35590277777777773,0.35590277777777773,1.9999999999999984,4.0,1.0,1.0,0.0,1.0,7.5,0.35590277777777773,1.0,0.25,1.25,7.5,1.0,7.5,0.3559027777777778,0.3559027777777778,4.0,1.0,1.0,7.5,0.3559027777777778,1.9999999999999987,1.0,0.0,0.26666666666666666,0.75,7.333333333333333,0.27777777777777773,3.75,1.0,0.49999999999999994,5.0,10.0,11.180339887498949,11.180339887498949,11.180339887498949,11.180339887498949,276.0416666666667,10.0,0.8468924638229605,242.08745425126781,0.8769960606838381,500.0
AMC-032,1,25,ok,,273,-294.0,131.20000000000005,8572119.0,4.542215590551956,196.0,3.5310716574524204,234.0,-58.391941391941394,131.22993733982747,-17.0,-568.0,802.0,86.70309414088216,177.19961426793031,-0.9374712307850908,8572119.0,0.05285190999476714,27990.08447718338,518.2977147072356,31876.76492684395,-853.680616573587,81.49092122360564,58.46525349050906,0.1578649607672126,5.519988437300439,3.85135022361501,27.568979922689813,0.28461354654438875,0.19659759008569194,0.9561326621335261,0.8704278456860822,-0.28274819012876284,0.9542860314965017,0.20312739571737135,22.634359969953607,0.007557193513054976,7.376465936993745,0.6321691257861579,0.0241662351310042,45.26871993990721,4.7934490374672984,34.989043678528674,6.051117126192548,75.1978021978022,0.27544982490037434,1.8368957050275734,14.428571428571429,44.82384038427995,493.0842490842491,6.619047619047619,3851.4871794871797,0.023837785577804686,0.010888936757161996,0.5004308182369406,204.91365293247944,0.009241384728241195,13.331560813020038,0.05116371157054474,45.776504754490375,488.4162064046807,1.149852273297585,577.0576451947048,0.011675415499493358,0.011286606170308954,4.771472208239527,238.15693265991698,0.9135461605135611,0.9543533389687237,0.050858206427251,0.9655194357786645,468.1417586692293,0.011194149937552893,6.52258064516129,0.04208116545265349,54.268220603537976,422.4129032258065,9.477419354838709,5620.141935483871,0.033857034481301146,0.016928321458020652,84.30322580645161,0.543891779396462,0.7657334445168648,294.7668878040031,0.015846519802064248,5.587113803629927,0.5677655677655677,6.375275754422477,0.05902812536871718,0.022996708014464178,1716.884764187204,0.40077425740654965,7.8807518766581435,0.8961735584519286,0.588877950505861,6.0986287703805875,10.356354428182803,12.165525060596439,14.560219778561036,13.152946437965905,14.696938456699069,259.2916666666667,9.281091000493971,0.5857264011485006,335.72346544484446,1.2947715202757941,273.0
AMC-032,1,50,ok,,273,-294.0,131.20000000000005,8572119.0,3.590699426410298,196.0,3.5310716574524204,234.0,-58.391941391941394,131.22993733982747,-17.0,-568.0,802.0,86.70309414088216,177.19961426793031,-0.9374712307850908,8572119.0,0.10249701458492669,27990.08447718338,147.16643014492087,2027.3676758650906,-107.47476780734968,20.575087280688145,14.77985765418441,0.15821833957473677,2.7702182284687824,2.999938249345947,6.9936516403920574,0.41061226850487703,0.3324834919416776,0.9577615751876005,0.8732865941345314,-0.15322353377447062,0.7982211015646865,0.32406859342815925,12.06900149960168,0.02056411290137198,6.186644890634648,0.49594874104256903,0.06514959949776612,24.138002999203362,3.9259604175964657,8.838736233718137,5.83857070753545,45.54945054945055,0.16684780421044157,5.232808705336178,27.98168498168498,11.300352882770465,139.82783882783883,16.076923076923077,2627.4908424908426,0.13903621893300883,0.02022782790268083,0.3304988644688581,38.35429021109925,0.010352044102985047,23.957232373060705,0.09622940425656455,11.756082152008112,137.79626241015038,1.328958468362283,190.97983637400904,0.024334108015833765,0.02125030600564149,4.020181247298833,211.05545949993513,0.8466876936746994,0.9118061425753734,0.12289522615496716,0.9358248131313646,127.58155341991079,0.020591784660799996,8.254901960784315,0.08093041138023838,14.617839292579777,112.66666666666667,41.18627450980392,6979.519607843137,0.30419795915067566,0.03327687393207031,45.92156862745098,0.4502114571318724,0.696618547384727,75.57326898695433,0.024059728782453854,4.91551173269912,0.37362637362637363,34.022779700115336,0.19606601749562827,0.023990147366804146,242.56233762356268,0.18579384900522214,2.2703483878021884,0.8961735584519286,0.588877950505861,6.0986287703805875,10.356354428182803,12.165525060596439,14.560219778561036,13.152946437965905,14.696938456699069,259.2916666666667,9.281091000493971,0.5857264011485006,335.72346544484446,1.2947715202757941,273.0
AMC-032,1,75,ok,,273,-294.0,131.20000000000005,8572119.0,3.015992319542319,196.0,3.5310716574524204,234.0,-58.391941391941394,131.22993733982747,-17.0,-568.0,802.0,86.70309414088216,177.19961426793031,-0.9374712307850908,8572119.0,0.15345704356693368,27990.08447718338,68.01661518865492,393.99140097939005,-31.2758140513173,9.190495825919653,6.599982140176133,0.15872287116270245,1.8329206862990661,2.5126935612532195,3.1919115522173276,0.4998057458639024,0.43816997297354615,0.9614743903146551,0.8802536928900545,-0.1059789002953842,0.6634180257875351,0.39255701511708563,8.20629143257268,0.04286033431854982,5.280966850138866,0.42285227841914613,0.13030951605963076,16.412582865145364,3.3952529226439987,3.9476194915239464,5.62859959776137,33.71062271062271,0.12348213447114546,12.188168363992542,41.89377289377289,5.031920460491889,64.54212454212454,31.93040293040293,2502.168498168498,0.4698209343747634,0.03846385031076332,0.25398177928892474,11.857046576989134,0.022067469778697443,32.592817327361814,0.13753842213593773,5.3864811868960505,62.70985216650665,1.5399818457024506,104.22097204808077,0.050362813061219786,0.0419206411944886,3.6342082396545217,184.65086436283758,0.7782282797336696,0.8675683291067908,0.20551222362400223,0.9032292780933611,55.372737305696674,0.04031207703027951,8.820512820512821,0.11308349769888232,7.401216305062459,46.06410256410256,95.73076923076923,7448.820512820513,1.3703266889202135,0.08494483996242655,32.51282051282051,0.4168310322156476,0.6698926448831752,27.97040636470245,0.07066182221033096,4.689794836824824,0.2857142857142857,83.48076923076923,0.3920854413901909,0.024129359891682273,81.18889754748461,0.11329192052081666,1.089937645942575,0.8961735584519286,0.588877950505861,6.0986287703805875,10.356354428182803,12.165525060596439,14.560219778561036,13.152946437965905,14.696938456699069,259.2916666666667,9.281091000493971,0.5857264011485006,335.72346544484446,1.2947715202757941,273.0
AMC-032,1,100,ok,,273,-294.0,131.20000000000005,8572119.0,2.6548358712949014,196.0,3.5310716574524204,234.0,-58.391941391941394,131.22993733982747,-17.0,-568.0,802.0,86.70309414088216,177.19961426793031,-0.9374712307850908,8572119.0,0.193978182989172,27990.08447718338,40.077950506855764,136.36368005849818,-14.253145691281699,5.354375584203889,3.8753447171136153,0.15464516449903656,1.3950581153449637,2.1874012142738306,1.900655136700387,0.5572522827328681,0.5102325182665927,0.9598919558652094,0.8793254550676798,-0.0818488057527797,0.5615284358478745,0.44410968785494104,6.300289201227546,0.06556213192655339,4.647156777000142,0.3763731841709958,0.1676535791351953,12.600578402455092,3.0189067073425235,2.307430075329376,5.480867185062948,28.978021978021978,0.10614660065209516,15.388264970682556,52.956043956043956,2.9396879067208737,38.065934065934066,42.78754578754579,2002.1391941391942,1.0704830539935415,0.06309614888554799,0.1865125489501419,5.1466142006112445,0.021654901890245753,39.56286038157186,0.17297257119670476,3.1937289411987684,36.681328125559595,1.7273071784686613,69.7563974064204,0.0904395930050901,0.06964426298936285,3.393025884334887,169.64214944503016,0.7395702810348742,0.8371372217526065,0.28716159018351534,0.8827133767610392,31.466673162622765,0.06587632096884691,8.836065573770492,0.14485353399623757,4.640687987100241,26.62295081967213,168.37704918032787,7572.786885245901,4.152651520079798,0.13143666437431076,18.770491803278688,0.3077129803816178,0.5550123348770916,13.502882166332872,0.07379610535200232,4.556172232120839,0.22344322344322345,148.34775597957537,0.7078642450017804,0.023777260779218202,34.187536086793436,0.09407700109724744,0.5989253723274194,0.8961735584519286,0.588877950505861,6.0986287703805875,10.356354428182803,12.165525060596439,14.560219778561036,13.152946437965905,14.696938456699069,259.2916666666667,9.281091000493971,0.5857264011485006,335.72346544484446,1.2947715202757941,273.0
AMC-032,2,25,ok,,44,-468.5,90.50000000000001,2355968.0,4.23274597202281,232.25,2.6423972876658905,213.0,-117.45454545454545,159.17355371900828,-84.5,-533.0,746.0,105.1228373702422,231.39733635616307,-0.6949070770533108,18847744.0,0.0640495867768595,39749.157024793385,361.6187686264103,51262.28905914677,-908.0343637849177,132.64240772382288,111.19357320030397,0.09674440879029197,8.31554841357473,3.4099796169051766,38.050299102725454,0.22060416558233303,0.14117725690374308,0.9099395633821294,0.8087059864629003,-0.726151830592266,0.9980553598989288,0.1345212947313265,18.853326163827177,0.03482913809526162,4.965862992775111,0.9966523144070434,0.0649818036963786,37.70665232765435,3.724747988785931,60.95899523103172,4.578638720860846,19.09090909090909,0.43388429752066116,0.8677685950413223,2.8181818181818183,63.512396694214885,381.0,3.5454545454545454,1790.5454545454545,0.20406080500404603,0.06328926998005314,0.6698232323232323,228.17171717171715,0.028570086451008767,2.715743511546121,0.06326818990078395,63.59717956122152,377.4406553930093,1.0764306595276532,417.23877049401716,0.06857121767716592,0.06306691645429635,4.289109335050983,40.85735062819578,0.9511500629122336,0.9755244755244754,0.024424968543883204,0.9808923351180867,367.4911266177574,0.061690841148578965,1.7878787878787878,0.05417814508723599,64.97704315886135,348.8484848484849,2.3636363636363638,1045.3939393939395,0.14685952775957783,0.053455107817505586,21.363636363636363,0.6473829201101928,0.8295454545454546,277.4109848484849,0.030391188835601476,4.597276316262582,0.75,0.5858585858585859,0.03692874436398192,0.06546614186916093,1652.0034495595582,1.5435615745129578,23.87105496507968,0.8747255543105468,0.5379189870551082,5.994893326333561,11.14460257138944,12.0,13.416407864998739,12.165525060596439,14.696938456699069,306.6666666666667,9.748468661829373,0.688931001464122,319.21707322146494,1.0409252387656465,352.0
AMC-032,2,50,ok,,44,-468.5,90.50000000000001,2355968.0,3.467939507150013,232.25,2.6423972876658905,213.0,-117.45454545454545,159.17355371900828,-84.5,-533.0,746.0,105.1228373702422,231.39733635616307,-0.6949070770533108,18847744.0,0.10743801652892561,39749.157024793385,96.24886870139905,3150.5054555542542,-113.24744794011333,32.90162126778793,28.520875602505157,0.08136578346095866,4.1900404569938985,2.9557660756229223,9.955298743638412,0.33053756612648455,0.24198083125139794,0.9126054319483571,0.8126762110601621,-0.5824685307402149,0.9881140508098014,0.19797751595869534,9.74375606119027,0.04273729330555655,4.711250256581532,0.9554674227495333,0.08087039853234186,19.48751212238054,3.398277063319945,15.355624217573276,4.317052925307962,12.363636363636363,0.2809917355371901,2.62603305785124,4.7272727272727275,15.993801652892566,101.13636363636364,8.0,1084.5454545454545,0.702014626499499,0.11058630233079009,0.4987277107812822,45.662508374561945,0.045966340831440605,4.353661115561723,0.10419441631846565,15.985459824016685,99.70776009009244,1.166947501209467,121.13904790542298,0.12884007312238685,0.11048918354342198,3.661933151188989,37.74969080470848,0.9022206260855976,0.9493006993006993,0.054226225418739525,0.9603998768343853,94.71104924737094,0.10591410465244852,2.4615384615384617,0.09467455621301775,16.551775147928996,90.11538461538461,5.076923076923077,645.7692307692307,0.4406563714118359,0.10490778818667475,13.307692307692308,0.5118343195266272,0.742321047008547,66.25968215811966,0.0683448863944659,4.056020968057877,0.5909090909090909,2.21301775147929,0.10144699863080135,0.07679249634882113,280.16134482672834,0.5481687749139594,7.683051828441508,0.8747255543105468,0.5379189870551082,5.994893326333561,11.14460257138944,12.0,13.416407864998739,12.165525060596439,14.696938456699069,306.6666666666667,9.748468661829373,0.688931001464122,319.21707322146494,1.0409252387656465,352.0
AMC-032,2,75,ok,,44,-468.5,90.50000000000001,2355968.0,3.1149199028174874,232.25,2.6423972876658905,213.0,-117.45454545454545,159.17355371900828,-84.5,-533.0,746.0,105.1228373702422,231.39733635616307,-0.6949070770533108,18847744.0,0.13016528925619836,39749.157024793385,54.19901904213645,668.8891332784151,-36.75413606779387,15.065211107889143,11.933449761739237,0.12121747027247348,2.7380776349905904,2.5202844725749296,4.007380071597668,0.3909728563993433,0.3038220375565577,0.9205826016698311,0.8185578438054133,-0.4522509325315749,0.9570893848037443,0.2871335497265259,7.302254967816707,0.05054983061612877,4.500009478593809,0.8467991136253403,0.08650681864244616,14.604509935633416,3.1926884239285958,6.7496652174070935,4.23728531157326,10.0,0.22727272727272727,1.75,5.7272727272727275,7.134297520661157,55.5,8.0,542.7727272727273,0.3969641614889548,0.08323395981232463,0.381199494949495,20.34369949494949,0.026463709835229412,5.314431450882247,0.12817848788329028,7.1928216545390455,54.886891841825864,1.2009695901155755,68.18974516695299,0.09607603314538657,0.08474617490699472,3.319459301468473,37.06109987955756,0.8914340533405964,0.9423076923076922,0.06925207624894317,0.9554509223091627,52.02233741742668,0.08198399824663201,2.4545454545454546,0.1115702479338843,7.743801652892561,53.0,6.363636363636363,395.09090909090907,0.3879324801963527,0.0837089094549248,8.0,0.36363636363636365,0.6179604720676148,34.08215934858792,0.03382022313022657,3.8796640049025894,0.5,2.3636363636363638,0.15936633691705807,0.10195474109041776,78.19193051532594,0.32079832342752473,4.102713437318752,0.8747255543105468,0.5379189870551082,5.994893326333561,11.14460257138944,12.0,13.416407864998739,12.165525060596439,14.696938456699069,306.6666666666667,9.748468661829373,0.688931001464122,319.21707322146494,1.0409252387656465,352.0
AMC-032,2,100,ok,,44,-468.5,90.50000000000001,2355968.0,2.6551150538423296,232.25,2.6423972876658905,213.0,-117.45454545454545,159.17355371900828,-84.5,-533.0,746.0,105.1228373702422,231.39733635616307,-0.6949070770533108,18847744.0,0.18595041322314051,39749.157024793385,31.88856455248155,222.27814093998808,-16.605009395949107,8.548288478836556,7.501054643362332,0.07084051470542128,2.1117822573288163,2.305716147373266,2.81622475543039,0.4628580581479656,0.3846513994542829,0.925032933345208,0.8289549939348166,-0.3795208799414889,0.9073213768823151,0.29917788894443476,5.619160669514921,0.07173958460454749,4.1287160479905145,0.7464765730818781,0.14592527542932401,11.238321339029842,2.9064924834094765,4.012335780549723,4.325924732707126,7.909090909090909,0.1797520661157025,5.607438016528926,8.181818181818182,4.18595041322314,32.95454545454545,16.318181818181817,693.5909090909091,1.0292195266153599,0.1336114045786665,0.38868893727524684,11.192620300224466,0.05793009486846343,7.0667852237455495,0.17579881248895596,4.296817726658379,32.243032625208926,1.331053827061621,45.66252312963579,0.16442512591233902,0.13849702629477148,3.0053733848127178,34.17448324233788,0.8470055899364136,0.9125874125874126,0.11864543926298908,0.934590054109447,29.650637777459057,0.13243316571638689,3.0,0.14285714285714285,5.170068027210885,28.761904761904763,10.476190476190476,430.95238095238096,0.7570106569964846,0.1578820531740033,9.952380952380953,0.47392290249433106,0.7128835978835978,20.188161375661377,0.10810759307250237,3.5944656369614476,0.4772727272727273,6.086167800453515,0.2520723309689215,0.0926502510849478,43.43436547534107,0.23808630125753985,2.5428008596107428,0.8747255543105468,0.5379189870551082,5.994893326333561,11.14460257138944,12.0,13.416407864998739,12.165525060596439,14.696938456699069,306.6666666666667,9.748468661829373,0.688931001464122,319.21707322146494,1.0409252387656465,352.0
AMC-032,3,25,ok,,9,-136.2,104.60000000000001,132001.0,2.5032583347756434,59.0,4.403359706261839,123.0,-1.2222222222222223,87.45679012345678,31.0,-301.0,424.0,39.0204081632653,121.10647289793299,-1.5255115794587788,3564027.0,0.18518518518518517,14665.283950617284,212.33333333333334,718.2566430362655,-13.260320216049374,14.048032407407407,33.4375,-0.4182710927290683,3.576388888888889,0.7987468750600959,10.45775462962963,0.40803020282186947,0.3402246261964423,0.934251233025178,0.8618590017438702,-0.8209336062076765,0.8779708879555278,0.3511232924542366,14.690972222222221,0.3810763888888889,1.652913541726762,0.9166666666666653,0.3993055555555555,29.381944444444443,0.7987468750600959,11.871383101851853,2.503258334775644,5.0,0.5555555555555556,0.2222222222222222,1.6666666666666667,24.469135802469133,205.22222222222223,3.0,701.8888888888889,0.12388549890120659,0.11546356222530164,0.5,81.05555555555556,0.1133580780563254,1.6250000000000002,0.18576388888888887,24.95862268518518,203.875,1.09375,227.15625,0.11933498406596434,0.11894020578428131,2.502443751081732,8.3125,0.9453125,0.9722222222222223,0.02734375,0.9765625,198.0546875,0.11884151121386055,1.0,0.16666666666666666,31.555555555555557,183.66666666666666,2.5,556.1666666666666,0.17740631167590493,0.17108985916897623,3.0,0.5,0.625,90.54166666666667,0.16951074604224406,2.5849625007211543,0.6666666666666666,0.25,0.11239637555427033,0.1620926243567753,185.62522045855377,7.222063274326648,17.244497560003985,0.7763360054266232,0.44882441036232495,4.587044008586305,10.220130417780299,9.0,12.36931687685298,9.486832980505138,12.36931687685298,165.375,7.934255223478682,0.7575088428896886,192.34297199509757,1.1630716371585643,243.0
AMC-032,3,50,ok,,9,-136.2,104.60000000000001,132001.0,2.0588138903311997,59.0,4.403359706261839,123.0,-1.2222222222222223,87.45679012345678,31.0,-301.0,424.0,39.0204081632653,121.10647289793299,-1.5255115794587788,3564027.0,0.2839506172839506,14665.283950617284,65.81944444444444,63.9375,-1.7083333333333324,4.041666666666667,9.097222222222223,-0.14500925728402161,1.8055555555555554,0.7987468750600959,3.032407407407407,0.5777777777777778,0.521979515383389,0.9396331835422592,0.8742057950649281,-0.501329162426165,0.6617594797266338,0.27303398211136304,8.166666666666666,0.47164351851851855,1.437635763948984,0.6727412717819482,0.5069444444444444,16.333333333333332,0.7431913195045402,3.284722222222222,2.0588138903311997,3.2222222222222223,0.35802469135802467,1.8024691358024687,2.5555555555555554,6.691358024691357,63.77777777777778,8.333333333333334,557.1111111111111,0.2355692729766804,0.12473593964334705,0.4166666666666667,20.444444444444443,0.1165588563100137,2.2731481481481484,0.2693544238683127,7.095357510288065,63.386574074074076,1.21875,78.51157407407408,0.13599272690900777,0.13275053940900775,2.2745057876379984,7.395833333333333,0.8723958333333334,0.9351851851851852,0.06380208333333333,0.9453125,59.605324074074076,0.13193999253400776,1.0,0.2,10.160000000000002,56.4,4.6,308.4,0.2660246913580247,0.2131496913580247,2.2,0.44,0.6625,29.4,0.20872000385802467,2.321928094887361,0.5555555555555556,1.3600000000000003,0.10910087719298245,0.271356783919598,42.688183421516754,1.5152916585015352,8.54828660436137,0.7763360054266232,0.44882441036232495,4.587044008586305,10.220130417780299,9.0,12.36931687685298,9.486832980505138,12.36931687685298,165.375,7.934255223478682,0.7575088428896886,192.34297199509757,1.1630716371585643,243.0
AMC-032,3,75,ok,,9,-136.2,104.60000000000001,132001.0,1.6577427265048876,59.0,4.403359706261839,123.0,-1.2222222222222223,87.45679012345678,31.0,-301.0,424.0,39.0204081632653,121.10647289793299,-1.5255115794587788,3564027.0,0.3827160493827161,14665.283950617284,34.77777777777778,14.145724826388888,-0.8671875,1.904513888888889,3.965277777777778,0.07340067340067352,1.048611111111111,0.7154135417267624,1.541087962962963,0.7068452380952381,0.687319531069531,0.9467646077609625,0.8982950498575498,-0.3094255327107394,0.506859648030716,0.3519753086419753,5.927083333333333,0.5315393518518519,1.2501357639489843,0.471914341649069,0.5694444444444444,11.854166666666666,0.7570802083934293,1.4674479166666667,2.1971597234241473,2.3333333333333335,0.25925925925925924,2.617283950617284,3.4444444444444446,3.1358024691358026,32.77777777777778,13.0,473.44444444444446,0.4664430587049635,0.1380228017132779,0.305,5.591111111111111,0.11994551524313428,2.920634920634921,0.3571586041824137,3.402785651297556,32.27777777777778,1.3214285714285714,44.31349206349207,0.15858787297987978,0.1499225020696109,2.028868829686881,6.761904761904762,0.8201530612244898,0.9074074074074076,0.0899234693877551,0.9196428571428572,29.268849206349206,0.1477561593420437,1.0,0.25,5.25,25.5,7.75,278.25,0.45964427437641725,0.27767148526077096,1.5,0.375,0.5725,7.6725,0.2671782879818594,1.9999999999999987,0.4444444444444444,2.6875,0.11211340206185566,0.4137931034482759,13.777336860670193,0.7514588368497832,5.735663906777063,0.7763360054266232,0.44882441036232495,4.587044008586305,10.220130417780299,9.0,12.36931687685298,9.486832980505138,12.36931687685298,165.375,7.934255223478682,0.7575088428896886,192.34297199509757,1.1630716371585643,243.0
AMC-032,3,100,ok,,9,-136.2,104.60000000000001,132001.0,1.6577427265048876,59.0,4.403359706261839,123.0,-1.2222222222222223,87.45679012345678,31.0,-301.0,424.0,39.0204081632653,121.10647289793299,-1.5255115794587788,3564027.0,0.3827160493827161,14665.283950617284,24.777777777777775,6.111967110339506,-0.3453896604938271,1.2424768518518519,2.7013888888888893,0.07373176381713697,0.8958333333333334,0.6737468750600958,0.9461805555555555,0.7155092592592592,0.6979103821015586,0.9490271955435889,0.8963924963924965,-0.3094255327107394,0.506859648030716,0.3731597222222222,5.003472222222222,0.5315393518518519,1.2501357639489843,0.471914341649069,0.5694444444444444,10.006944444444445,0.7015246528378736,0.9859664351851851,2.1971597234241473,2.3333333333333335,0.25925925925925924,2.617283950617284,3.4444444444444446,2.0,23.77777777777778,13.0,331.1111111111111,0.6183024691358026,0.14645061728395062,0.305,4.569444444444445,0.12068765432098766,2.920634920634921,0.3571586041824137,2.1766581632653064,23.515873015873012,1.3214285714285714,31.944444444444443,0.17042217813051144,0.15800154320987653,2.028868829686881,6.761904761904762,0.8201530612244898,0.9074074074074076,0.0899234693877551,0.9196428571428572,21.40873015873016,0.15489638447971785,1.0,0.25,3.5,19.5,7.75,196.5,0.5434027777777778,0.28256944444444443,1.5,0.375,0.5725,6.75,0.2677611111111111,1.9999999999999987,0.4444444444444444,2.6875,0.11882440476190473,0.47338760175328753,9.539619551524314,0.39021164021164007,4.513747645951036,0.7763360054266232,0.44882441036232495,4.587044008586305,10.220130417780299,9.0,12.36931687685298,9.486832980505138,12.36931687685298,165.375,7.934255223478682,0.7575088428896886,192.34297199509757,1.1630716371585643,243.0
AMC-032,5,25,error,mask only contains 1 segmented voxel! Cannot extract features for a single voxel.,,,,,,,,,,,,,,,,,,,,,,,,,,,,,,,,,,,,,,,,,,,,,,,,,,,,,,,,,,,,,,,,,,,,,,,,,,,,,,,,,,,,,,,,,,,,,,,,,,,,,,,,,,,,
AMC-032,5,50,error,mask only contains 1 segmented voxel! Cannot extract features for a single voxel.,,,,,,,,,,,,,,,,,,,,,,,,,,,,,,,,,,,,,,,,,,,,,,,,,,,,,,,,,,,,,,,,,,,,,,,,,,,,,,,,,,,,,,,,,,,,,,,,,,,,,,,,,,,,
AMC-032,5,75,error,mask only contains 1 segmented voxel! Cannot extract features for a single voxel.,,,,,,,,,,,,,,,,,,,,,,,,,,,,,,,,,,,,,,,,,,,,,,,,,,,,,,,,,,,,,,,,,,,,,,,,,,,,,,,,,,,,,,,,,,,,,,,,,,,,,,,,,,,,
AMC-032,5,100,error,mask only contains 1 segmented voxel! Cannot extract features for a single voxel.,,,,,,,,,,,,,,,,,,,,,,,,,,,,,,,,,,,,,,,,,,,,,,,,,,,,,,,,,,,,,,,,,,,,,,,,,,,,,,,,,,,,,,,,,,,,,,,,,,,,,,,,,,,,
AMC-035,1,25,ok,,441,-147.0,76.0,7191027.0,3.6647886944131627,66.0,10.785131334622845,670.0,5.866213151927438,73.7262766028558,13.0,-357.0,1027.0,35.92400012767723,127.69566818600147,1.6879450182353648,7191027.0,0.12098354080861373,16271.771216725541,270.5248024579071,42644.651714613145,986.5671373854298,56.740463160072224,26.586151112188176,0.3581222042033744,3.1056186471180465,3.1381513016356744,16.827663821552374,0.45142005060556606,0.39082610375299986,0.9865556318089163,0.9376253493058075,-0.17912294176543575,0.8339325196410877,0.3540125937756641,16.21671946444583,0.029902291414656924,6.129223078486733,0.6766648565992754,0.08952088624292175,32.43343892889167,4.136618950874436,20.8316535680651,6.150450705105042,52.89569160997733,0.11994487893418894,15.215419501133786,53.35374149659864,26.222325060031572,274.08843537414964,38.3469387755102,9891.752834467121,0.15675270541819122,0.008466237471116855,0.2909823891894071,71.75806670436246,0.005517385206955388,38.799980132113106,0.10306036184069603,30.024065047883724,275.60592816355717,1.6170246666666712,438.06188759061087,0.011693832952436072,0.009240432026338357,4.389776443468639,286.80630107011245,0.7612684824708154,0.8534798534798534,0.24166250484130145,0.8946289794869371,247.39133133296158,0.008821154791516784,8.972027972027972,0.06274145434984596,57.771724778717775,264.2867132867133,133.6853146853147,35037.181818181816,0.5306687502419823,0.01760993065860877,72.21678321678321,0.5050124700474351,0.736978321838859,170.90302037411627,0.016277751536336735,5.282810914226542,0.3242630385487528,124.17477627267837,0.12161809914224239,0.012832771888546868,1292.3719004524523,0.15698342294796966,9.656115538159186,0.8138323395444582,0.7461532474544508,7.644759872042152,10.245562688526432,12.206555615733702,11.0,11.180339887498949,13.152946437965905,430.8333333333333,8.338170252752874,0.8024677410155053,343.7658565774688,0.7979091448606627,441.0
AMC-035,1,50,ok,,441,-147.0,76.0,7191027.0,2.7963387496837453,66.0,10.785131334622845,670.0,5.866213151927438,73.7262766028558,13.0,-357.0,1027.0,35.92400012767723,127.69566818600147,1.6879450182353648,7191027.0,0.2245103634802371,16271.771216725541,80.46072391300908,2738.0233939295117,125.88666608426732,14.380818205691998,6.7595520721672955,0.35700739194523023,1.5524025249341056,2.3772482656046354,4.319913053199276,0.589242278960717,0.5484611481807697,0.9874441181276752,0.9402634722067498,-0.13719403039839526,0.6986672978473826,0.3917910509496838,8.86308742895257,0.09289925326656698,4.674670839054633,0.6276435549335666,0.24461720295922346,17.72617485790514,3.271362752183066,5.285092569464823,5.87567129994324,33.51700680272109,0.07600228299936755,34.065065481975104,99.00907029478458,6.623022300378956,81.10657596371883,92.01133786848072,7293.56462585034,1.1891064005445742,0.020564637132828464,0.1911482684548015,15.08192142453213,0.008421394276281587,53.84229789225614,0.16348405931967933,8.585352547776608,81.61860973602244,2.4357528864812084,195.71769172824784,0.04185857401262668,0.02310887693909464,3.960000016927296,208.93709614215388,0.633532884683034,0.7456828885400313,0.6224543644816075,0.8230282356332272,67.4787162853071,0.020741073030824106,10.793814432989691,0.11127643745350196,19.62503985545754,82.63917525773196,394.89690721649487,31278.515463917527,5.080604227826372,0.04209329593698889,41.55670103092783,0.428419598256988,0.6706630989813192,51.746681722821684,0.03430305017874165,4.77168329834121,0.2199546485260771,374.2272292485918,0.29228408666197053,0.01367117951419094,266.3754619238248,0.04581417953581535,3.9111057650876995,0.8138323395444582,0.7461532474544508,7.644759872042152,10.245562688526432,12.206555615733702,11.0,11.180339887498949,13.152946437965905,430.8333333333333,8.338170252752874,0.8024677410155053,343.7658565774688,0.7979091448606627,441.0
AMC-035,1,75,ok,,441,-147.0,76.0,7191027.0,2.280925916697109,66.0,10.785131334622845,670.0,5.866213151927438,73.7262766028558,13.0,-357.0,1027.0,35.92400012767723,127.69566818600147,1.6879450182353648,7191027.0,0.3057008139612611,16271.771216725541,33.98654234825308,551.7781783314902,37.205217385913336,6.639125145342098,3.2230835193190517,0.3420013062007402,1.072509356372218,2.0077488633049216,2.0581254449505604,0.6594394786016868,0.6287539941113391,0.9853066955021998,0.9360446589925134,-0.11331407095368935,0.5985732571959084,0.38256918005716456,5.756042205322658,0.15617961466426486,3.825223327283988,0.5434861301579426,0.3393383113323711,11.512084410645318,2.7561700130213094,2.4655521661652875,5.614369836810999,26.98639455782313,0.06119363845311367,42.61863112591976,134.8140589569161,3.088785022701446,34.40816326530612,129.34920634920636,4492.625850340136,3.8458443940171056,0.04916082893466809,0.1444750286691048,4.752009969412844,0.01701601254122132,64.45467390455495,0.21428034784345673,4.28057084279728,34.41705492659364,3.098562076206678,106.93645275990258,0.12191069939046878,0.05769599510311913,3.672873537694903,167.92131990276124,0.5574988893486795,0.6802721088435374,0.9088947720176238,0.7743978320654421,26.705830786831044,0.05042274750191492,10.859154929577464,0.15294584407855585,10.121007736560207,36.54929577464789,780.2112676056338,26723.605633802817,23.449570457451518,0.11400662197911896,27.704225352112676,0.3902003570720095,0.6430997883584071,19.99876707681426,0.09231679817363132,4.346660931700882,0.16099773242630386,741.631422336838,0.7644642009401567,0.012690835665035925,81.09824521582934,0.037259182967162005,1.506794387588338,0.8138323395444582,0.7461532474544508,7.644759872042152,10.245562688526432,12.206555615733702,11.0,11.180339887498949,13.152946437965905,430.8333333333333,8.338170252752874,0.8024677410155053,343.7658565774688,0.7979091448606627,441.0
AMC-035,1,100,ok,,441,-147.0,76.0,7191027.0,1.987146371914037,66.0,10.785131334622845,670.0,5.866213151927438,73.7262766028558,13.0,-357.0,1027.0,35.92400012767723,127.69566818600147,1.6879450182353648,7191027.0,0.35545374612430014,16271.771216725541,22.937124623172345,167.65139002183815,15.017058137765291,3.757485914183178,1.836265624675273,0.34048504157905385,0.8192505248368527,1.7390469302934373,1.156816514747374,0.7004172182396704,0.6777005828597772,0.9862586597914071,0.9374036941404721,-0.10427437415912354,0.5449923587810038,0.3913654989598623,4.73883170818117,0.19179775049681608,3.3540803192916377,0.5349421243410691,0.3728669178694461,9.477663416362338,2.448463345401467,1.3984378847146126,5.511000510409501,23.19501133786848,0.0525963975915385,42.38926167594778,156.75510204081633,1.7358610866871313,23.113378684807255,146.83673469387756,3501.3492063492063,6.381766151464116,0.06458514439781189,0.10246571833630362,2.3489830087845425,0.01629386193965599,75.63143283981505,0.2649956257103198,2.4771823343233197,22.936127712452915,3.520119486824337,82.53671772464678,0.18768652653037374,0.07510441974861795,3.5009092917149855,146.09645935561693,0.5101285408634968,0.6453863596720739,1.0726913638034825,0.7406595503258581,16.937974775031215,0.06279329532816459,9.0,0.17647058823529413,7.012687427912342,25.96078431372549,1283.9803921568628,29902.647058823528,57.32876525679143,0.15278500069551337,17.19607843137255,0.33717800845828527,0.5871831281100004,12.970193749348983,0.11882248746058674,4.252746361698781,0.11564625850340136,1209.2087658592848,1.1007953263795176,0.01255073413067979,40.86762268412547,0.022994394952047283,0.9333026981909469,0.8138323395444582,0.7461532474544508,7.644759872042152,10.245562688526432,12.206555615733702,11.0,11.180339887498949,13.152946437965905,430.8333333333333,8.338170252752874,0.8024677410155053,343.7658565774688,0.7979091448606627,441.0
AMC-035,2,25,ok,,58,-267.5,204.60000000000008,1495360.0,3.763154169500539,105.0,3.7779017483520168,379.0,-7.586206896551724,107.73365041617123,6.0,-394.0,773.0,52.44801512287335,160.56795746822354,-0.22322560761960134,11962880.0,0.10582639714625444,25724.518430439948,290.90202907430677,24544.42584560808,52.46189583775548,74.06539254051438,61.82153917786858,0.09409902824678566,5.251037381654442,3.2922733272845224,33.56973798500389,0.36486628255017084,0.2969708761016009,0.9516343306629818,0.8772171959702318,-0.49538332056739154,0.9820635587139477,0.2536975050690688,16.962316571729,0.03426065495037343,5.1677100466946495,0.9520379925509184,0.08481497794905236,33.924633143458,3.7990397041873356,33.971732929595746,5.025831641567381,11.137931034482758,0.19203329369797859,4.305588585017836,6.137931034482759,40.390011890606424,304.17241379310343,13.724137931034482,4156.586206896552,0.07332083329774158,0.029996471691155126,0.379399584386756,96.31567529007133,0.02794131811688733,5.197730490226862,0.09724930885071233,43.31963104177857,303.520996040996,1.264855929427773,385.99043230864714,0.033213410651273624,0.032319548884093725,4.111023892058009,45.13442927120721,0.8442673172320585,0.920424403183024,0.08183557215320153,0.9354954193524587,283.3976540681004,0.03210199832710636,1.32,0.0528,74.7136,272.96,13.28,4114.08,0.10591700288041021,0.06522866060795254,12.36,0.4944,0.7231879314688837,167.17592897455276,0.06431801688783423,4.403856189774718,0.43103448275862066,7.897599999999999,0.03505933632596102,0.07033750929083589,999.3498049721023,0.8093885120924287,21.65579592895595,0.8637253635743692,0.7094838154049627,7.436640694230863,10.481762279504768,12.806248474865697,10.770329614269007,10.770329614269007,12.96148139681572,428.6666666666667,9.053363935765365,0.8176198126600054,336.2630854433911,0.784439546135438,464.0
AMC-035,2,50,ok,,58,-267.5,204.60000000000008,1495360.0,3.1554766974131336,105.0,3.7779017483520168,379.0,-7.586206896551724,107.73365041617123,6.0,-394.0,773.0,52.44801512287335,160.56795746822354,-0.22322560761960134,11962880.0,0.15576694411414987,25724.518430439948,77.52567228387328,1518.9560321022689,1.0727198326636795,18.722261789547105,15.53825804127982,0.09707995068112298,2.678174756781835,2.7372170075774394,8.193823984182675,0.4679898723539852,0.4070580080833344,0.9510560179124627,0.8743993290855168,-0.38102521205513473,0.9381331863293928,0.3318525695362768,8.757745437915583,0.05786896950144297,4.662169585507256,0.8068963537259433,0.14513962469270997,17.515490875831166,3.3432867827695705,8.56512995770673,4.8833374604209965,8.10344827586207,0.13971462544589774,9.230677764565993,9.03448275862069,10.208085612366231,81.0,26.06896551724138,2105.2758620689656,0.4031923644801293,0.0631787188879818,0.3259984030329885,23.106440666783957,0.0487144920858965,6.9531957563115885,0.13589600743218508,11.356468057043221,80.92379438914567,1.4345190351273789,116.3484530670264,0.07636846528764173,0.06973936525722135,3.670467354415995,39.796038989100616,0.7771599282417261,0.8806366047745358,0.13883044021280694,0.9029912935306968,73.00893495699134,0.06822556003125259,1.9090909090909092,0.08677685950413223,19.787190082644628,74.68181818181819,21.90909090909091,1792.3636363636363,0.4285877237185044,0.13550295744692495,11.181818181818182,0.5082644628099173,0.7285523438925975,48.411589462483356,0.12422164253874525,3.9705730958116803,0.3793103448275862,14.958677685950414,0.07936197103265684,0.09398516240928864,183.47324120456568,0.23803471634977955,7.424200875261913,0.8637253635743692,0.7094838154049627,7.436640694230863,10.481762279504768,12.806248474865697,10.770329614269007,10.770329614269007,12.96148139681572,428.6666666666667,9.053363935765365,0.8176198126600054,336.2630854433911,0.784439546135438,464.0
AMC-035,2,75,ok,,58,-267.5,204.60000000000008,1495360.0,2.499356196161634,105.0,3.7779017483520168,379.0,-7.586206896551724,107.73365041617123,6.0,-394.0,773.0,52.44801512287335,160.56795746822354,-0.22322560761960134,11962880.0,0.27110582639714625,25724.518430439948,44.138698312593505,323.7886102432923,1.3728091803650682,8.341582202714905,7.033208525694915,0.08840350067560654,1.7644800786361583,2.3472363425643934,3.8223808157612664,0.5551920601188598,0.5045795372748347,0.9593754307907431,0.8875333810296802,-0.27518219025623963,0.830784335841017,0.34958476277664896,6.6180180483628765,0.11566684929162449,3.845335902589178,0.6838574749105776,0.25680174189929184,13.236036096725751,2.86530251974676,3.843697682102454,4.558255512623181,6.862068965517241,0.11831153388822829,13.959571938168848,15.724137931034482,4.54577883472057,45.241379310344826,42.89655172413793,2044.2413793103449,0.991280867338861,0.05882428608693723,0.2403928967167668,10.533552216703871,0.030184600781040835,10.714132177693774,0.22145037411410332,5.288327223069245,44.90557323953446,1.6822617350014137,77.02057982545458,0.08275802097845267,0.06569194546911238,3.2570743956523094,34.017363730404426,0.7022711798067142,0.8315649867374005,0.2233731610126381,0.8623213083147184,38.48827195424296,0.0620965845931053,2.0588235294117645,0.12110726643598616,10.498269896193772,44.411764705882355,51.76470588235294,2438.3529411764707,1.289124414381608,0.12016520167907997,7.470588235294118,0.43944636678200694,0.6623315414660235,29.06557270733345,0.09261308495782085,3.572469458770131,0.29310344827586204,40.12456747404844,0.1461859512264877,0.07647551109797548,75.92414818544931,0.1190495686217892,4.56176250709134,0.8637253635743692,0.7094838154049627,7.436640694230863,10.481762279504768,12.806248474865697,10.770329614269007,10.770329614269007,12.96148139681572,428.6666666666667,9.053363935765365,0.8176198126600054,336.2630854433911,0.784439546135438,464.0
AMC-035,2,100,ok,,58,-267.5,204.60000000000008,1495360.0,2.278548333523921,105.0,3.7779017483520168,379.0,-7.586206896551724,107.73365041617123,6.0,-394.0,773.0,52.44801512287335,160.56795746822354,-0.22322560761960134,11962880.0,0.2859690844233056,25724.518430439948,21.666664289196053,99.31705045710432,-0.023256788785917755,4.817012105797878,4.244614628666352,0.06974522938161358,1.4036894941114542,2.140378317671326,2.213938021357623,0.5838919039652175,0.5369589062140963,0.9470587212155823,0.8698842023978954,-0.23973807173758654,0.7829595627556961,0.3774070223403317,4.638607871257599,0.12095036595351745,3.702892891479962,0.602378568171549,0.25680174189929184,9.277215742515198,2.6544663249760325,2.2654066836160576,4.372826417758295,5.793103448275862,0.09988109393579073,12.683709869203328,16.586206896551722,2.593638525564804,22.53448275862069,44.275862068965516,1070.8103448275863,2.4580782068574556,0.1374624433106576,0.18126679225199244,2.834244284366899,0.03311132342203685,11.602955340401707,0.24268244505128497,2.934823196550874,22.211784524640112,1.7283113900876752,39.73025343580669,0.2025253003094186,0.1516988347405463,3.044126924818852,32.91403791220548,0.6867383574185818,0.8222811671087531,0.23507832393801442,0.8530834210315082,18.694476602657392,0.14044047511053218,2.1666666666666665,0.18055555555555555,4.243055555555555,19.583333333333332,79.0,1837.5833333333333,5.501585057634165,0.17589628212396072,4.666666666666667,0.3888888888888889,0.605792593674835,7.727043638715053,0.08472088326659873,2.7516291673878204,0.20689655172413793,55.638888888888886,0.2708192927299985,0.08813372384440088,27.893727229186283,0.10427407341953872,1.9224297115560394,0.8637253635743692,0.7094838154049627,7.436640694230863,10.481762279504768,12.806248474865697,10.770329614269007,10.770329614269007,12.96148139681572,428.6666666666667,9.053363935765365,0.8176198126600054,336.2630854433911,0.784439546135438,464.0
AMC-035,3,25,ok,,15,-190.6,177.99999999999994,607851.0,2.8662478973127286,72.5,5.345777467984105,577.0,3.0,122.93333333333334,-15.0,-357.0,934.0,42.87603305785124,201.30424734714367,1.1586105517692884,16411977.0,0.17333333333333334,40514.4,245.2478021978022,27368.770020198834,770.9418758690291,77.87212366998081,111.03113553113553,-0.10941744982640562,7.151831501831501,2.046881291543336,52.238540467469036,0.321870418043495,0.2567757569054385,0.9444018410433134,0.8649456479513903,-0.671432515631953,0.9637193377191193,0.2002512688885448,15.821978021978023,0.13339765393336822,3.046568699992017,0.9569950853783342,0.1888278388278388,31.643956043956045,2.1385100919334104,47.22581480027908,2.866247897312728,6.2,0.41333333333333333,3.315555555555555,2.6,66.19555555555556,313.73333333333335,9.4,2139.3333333333335,0.11358668352739157,0.07178112797183601,0.58,235.33333333333334,0.06879640574961379,2.2533107917723303,0.15846289054234955,69.97238870362285,320.447168216399,1.192096365173288,360.57269653423504,0.07708994076681418,0.07602116846006111,3.0702926768550274,12.690194420963651,0.8899020463897893,0.9435897435897437,0.055048976805105294,0.951975908706678,310.41578613694,0.07575397538337283,1.2,0.12,91.96000000000001,374.2,3.7,933.4,0.1196855808466429,0.10433141417997624,6.6,0.66,0.829,347.8,0.10273287251330958,3.12192809488736,0.6666666666666666,1.4500000000000002,0.09131583178345766,0.09848024794562267,742.8725505975506,11.33122478079762,33.03181485742873,0.6702065295691981,0.6247472440541071,6.834792344821282,10.940092029008365,12.0,9.486832980505138,12.36931687685298,12.727922061357855,319.5,7.332121111929343,0.8558620396200126,264.0751905131062,0.8265264178813965,405.0
AMC-035,3,50,ok,,15,-190.6,177.99999999999994,607851.0,2.6825887305018306,72.5,5.345777467984105,577.0,3.0,122.93333333333334,-15.0,-357.0,934.0,42.87603305785124,201.30424734714367,1.1586105517692884,16411977.0,0.19111111111111112,40514.4,72.25238095238095,1595.423663475095,92.14619974583239,18.16537589394732,26.924725274725272,-0.1215961711700808,3.5104395604395604,1.8457286816294523,12.57494287458573,0.4132132290786137,0.3461447176890295,0.9482819499625,0.8693817889423057,-0.6295149698560536,0.9439727170068664,0.3031639791870752,8.584065934065935,0.140416884702599,2.9811840846074014,0.9357878728957068,0.2042124542124542,17.16813186813187,1.999079093741138,11.272525292168147,2.866247897312728,4.466666666666667,0.29777777777777775,2.862222222222222,2.8666666666666667,15.982222222222223,88.8,10.333333333333334,686.4,0.2347884577492331,0.08226582400437712,0.42074074074074075,52.919999999999995,0.07129966030981837,2.5101155255001406,0.17874588828096863,17.083245445500307,90.73748943364328,1.22759932375317,105.13584108199493,0.09111552057050239,0.08720279867701125,2.901662182840738,12.275993237531697,0.8698747364216509,0.9333333333333335,0.06506263178917449,0.9431001690617075,87.13790152155535,0.08622461820363848,1.0,0.125,27.859375,111.125,5.375,393.5,0.21257017926746635,0.1383495002551207,3.5,0.4375,0.6751388888888888,92.10125,0.13135275814263783,2.9999999999999973,0.5333333333333333,1.859375,0.0997516987664771,0.18518889033846667,160.61508678358678,1.724729774282155,15.600092645977567,0.6702065295691981,0.6247472440541071,6.834792344821282,10.940092029008365,12.0,9.486832980505138,12.36931687685298,12.727922061357855,319.5,7.332121111929343,0.8558620396200126,264.0751905131062,0.8265264178813965,405.0
AMC-035,3,75,ok,,15,-190.6,177.99999999999994,607851.0,2.6825887305018306,72.5,5.345777467984105,577.0,3.0,122.93333333333334,-15.0,-357.0,934.0,42.87603305785124,201.30424734714367,1.1586105517692884,16411977.0,0.19111111111111112,40514.4,30.0014652014652,322.6708217018877,27.501369568828768,8.4676146869004,12.610073260073259,-0.11961981191498318,2.5382783882783886,1.7893184252191956,5.168332897261468,0.4425243529364409,0.37415132323464356,0.9417709720257185,0.855036183569244,-0.6295149698560536,0.9439727170068664,0.352964380196523,5.538095238095238,0.140416884702599,2.9811840846074014,0.9357878728957068,0.2042124542124542,11.076190476190476,1.9386395333015778,5.269421986743415,2.866247897312728,4.466666666666667,0.29777777777777775,2.862222222222222,2.8666666666666667,7.182222222222222,37.8,10.333333333333334,275.0,0.4974854742101385,0.10711510383976806,0.42074074074074075,23.166666666666668,0.07878012441589975,2.5101155255001406,0.17874588828096863,7.658889993260238,38.74812623274162,1.22759932375317,44.50700197238658,0.12194358996668077,0.11189052337515261,2.901662182840738,12.275993237531697,0.8698747364216509,0.9333333333333335,0.06506263178917449,0.9431001690617075,37.30840729783037,0.10937725672727061,1.0,0.125,12.25,48.25,5.375,162.625,0.34945193081067627,0.1600074863662318,3.5,0.4375,0.6751388888888888,40.40625,0.1417043999464787,2.9999999999999973,0.5333333333333333,1.859375,0.1170796955279714,0.24543651274736059,74.94436852036851,0.5593777345523377,9.611405705143078,0.6702065295691981,0.6247472440541071,6.834792344821282,10.940092029008365,12.0,9.486832980505138,12.36931687685298,12.727922061357855,319.5,7.332121111929343,0.8558620396200126,264.0751905131062,0.8265264178813965,405.0
AMC-035,3,100,ok,,15,-190.6,177.99999999999994,607851.0,2.2062389286533874,72.5,5.345777467984105,577.0,3.0,122.93333333333334,-15.0,-357.0,934.0,42.87603305785124,201.30424734714367,1.1586105517692884,16411977.0,0.2622222222222222,40514.4,20.23690476190476,91.4966970603412,10.735061827462975,4.188057190825048,6.575366300366301,-0.15061595702659963,1.7585164835164835,1.6018186104966938,2.8471501613465904,0.5304635443921157,0.4740371229994341,0.9485351778504595,0.8686326622416847,-0.5427436359974576,0.8938726739174601,0.3720397503730837,4.545650183150183,0.18673976321297753,2.6590392951968287,0.8763772023734266,0.2723443223443223,9.091300366300366,1.7448726856754415,2.690855872797837,2.9735572622751825,2.8666666666666667,0.19111111111111112,3.715555555555556,3.933333333333333,3.7155555555555555,24.266666666666666,16.2,285.06666666666666,1.0376198034769464,0.1191753590325019,0.2817222222222222,11.395055555555555,0.07461980347694633,3.331135531135531,0.24478431214694948,4.100121645988088,25.056832910679063,1.3512256973795436,31.20941110171879,0.14727282796278088,0.12605534886068642,2.5283784490174233,11.204564666103126,0.8139485197811486,0.9025641025641028,0.09302574010942566,0.9121935756551139,23.518688362919132,0.12075097908516276,1.0,0.16666666666666666,8.333333333333332,33.333333333333336,9.833333333333334,193.66666666666666,0.7274754346182917,0.20733654572940288,2.0,0.3333333333333333,0.5567129629629629,25.709490740740744,0.17707034202569918,2.5849625007211543,0.4,3.583333333333333,0.17556021235708738,0.2670024111423197,30.585086438253104,0.3833124768235879,6.341559848218578,0.6702065295691981,0.6247472440541071,6.834792344821282,10.940092029008365,12.0,9.486832980505138,12.36931687685298,12.727922061357855,319.5,7.332121111929343,0.8558620396200126,264.0751905131062,0.8265264178813965,405.0
AMC-035,5,25,error,"mask has too few dimensions (number of dimensions 1, minimum required 2)",,,,,,,,,,,,,,,,,,,,,,,,,,,,,,,,,,,,,,,,,,,,,,,,,,,,,,,,,,,,,,,,,,,,,,,,,,,,,,,,,,,,,,,,,,,,,,,,,,,,,,,,,,,,
AMC-035,5,50,error,"mask has too few dimensions (number of dimensions 1, minimum required 2)",,,,,,,,,,,,,,,,,,,,,,,,,,,,,,,,,,,,,,,,,,,,,,,,,,,,,,,,,,,,,,,,,,,,,,,,,,,,,,,,,,,,,,,,,,,,,,,,,,,,,,,,,,,,
AMC-035,5,75,error,"mask has too few dimensions (number of dimensions 1, minimum required 2)",,,,,,,,,,,,,,,,,,,,,,,,,,,,,,,,,,,,,,,,,,,,,,,,,,,,,,,,,,,,,,,,,,,,,,,,,,,,,,,,,,,,,,,,,,,,,,,,,,,,,,,,,,,,
AMC-035,5,100,error,"mask has too few dimensions (number of dimensions 1, minimum required 2)",,,,,,,,,,,,,,,,,,,,,,,,,,,,,,,,,,,,,,,,,,,,,,,,,,,,,,,,,,,,,,,,,,,,,,,,,,,,,,,,,,,,,,,,,,,,,,,,,,,,,,,,,,,,
AMC-041,1,25,ok,,487,-638.0,10.600000000000136,92987204.0,5.1486177775919995,291.0,3.629911623986891,433.0,-356.6735112936345,195.28713280403423,-413.0,-855.0,1288.0,129.42607495069032,436.96546459469766,0.9125054177832304,92987204.0,0.03484856789884006,63722.82358992955,523.8212497545373,274161.6559269184,4041.5699460094784,278.1738107417405,114.65917604048046,0.4129074426130569,7.996683714558998,4.3724172097383045,49.43580928986683,0.21920979752789999,0.13240934649605055,0.964798613375723,0.8792519988018864,-0.30773954064421766,0.9780619249810237,0.12888591291335938,21.97370586956541,0.0030573357690851207,8.636540403573191,0.6598135623509567,0.011772249448955266,43.94741173913082,5.765822869285675,98.20824669555526,6.655013921462596,160.39630390143736,0.3293558601672225,1.4132622728940123,16.971252566735114,101.44634416808266,552.5071868583162,5.2587268993839835,2320.8193018480492,0.023301238387517135,0.007563274598086854,0.5347838064041496,325.67136559038397,0.005667309552791739,15.999045179716923,0.03411276672930205,103.14011352877807,556.6288598019887,1.1173055038764519,608.6421087490652,0.008155651080662425,0.007706280131088634,5.34229203724655,435.25189869479163,0.9279362229279946,0.9630390143737168,0.03887789438540391,0.9717729712362779,543.9919080350052,0.007597348620096296,8.867109634551495,0.029458835995187692,122.8336331828567,604.2059800664451,5.146179401993355,2240.355481727575,0.0250486266447268,0.00977699717178617,157.06644518272427,0.521815432500745,0.7493411543991129,468.20767289267314,0.008682894943064743,6.337710488288643,0.6180698151950719,2.528448913367402,0.0853027697270786,0.013359939096272637,5840.748728982527,0.44133929420804036,13.368566588266768,0.8800837407612805,0.5704285090903564,6.61398248747469,11.594761450513388,13.341664064126334,13.892443989449804,13.038404810405298,15.297058540778355,473.8333333333333,10.204361030602513,0.704565621313728,417.17001244966093,0.8804150807942194,487.0
AMC-041,1,50,ok,,487,-638.0,10.600000000000136,92987204.0,4.197605517405471,291.0,3.629911623986891,433.0,-356.6735112936345,195.28713280403423,-413.0,-855.0,1288.0,129.42607495069032,436.96546459469766,0.9125054177832304,92987204.0,0.06631979727536061,63722.82358992955,147.81567431463807,17017.142898421152,504.5439511566978,69.66541918908301,28.842266867259266,0.41105199704905243,4.00384312480654,3.465435966080783,12.490779041980414,0.3276749329625747,0.23690100372315376,0.9657206759172587,0.8810476621766477,-0.17434997280379813,0.8732655387474426,0.23868116260310857,11.729653953638431,0.007161542360290029,7.595781480435161,0.5504668545329847,0.02335501980481791,23.459307907276862,4.873016277388523,24.62692151408557,6.303554274381403,104.43737166324435,0.21445045516066602,2.8407338227171346,32.29774127310061,25.39002146148949,154.564681724846,10.40041067761807,1302.400410677618,0.13109630410259457,0.016637216503724937,0.34497774320692376,58.55047343109525,0.00833044353343326,29.335907778879427,0.06458195818859944,26.00877791427895,156.10946822683422,1.2265233144333398,186.06000800310534,0.019724411211689,0.016950301800761746,4.548333032639481,396.55426054092646,0.8726335797096727,0.932712051808561,0.07613967395275922,0.9482478799112308,149.14850825899737,0.016309138874209914,10.758793969849247,0.05406429130577511,34.292416858160145,174.2211055276382,18.798994974874372,2167.0100502512564,0.2304919249572361,0.02263175131367635,74.27638190954774,0.37324815029923486,0.6320531280145911,110.90874421906616,0.017600908679535263,5.926362581458079,0.4086242299794661,12.810030049746217,0.2859960374030473,0.013682550668353737,818.7405401950377,0.20225745338645107,3.687961498050142,0.8800837407612805,0.5704285090903564,6.61398248747469,11.594761450513388,13.341664064126334,13.892443989449804,13.038404810405298,15.297058540778355,473.8333333333333,10.204361030602513,0.704565621313728,417.17001244966093,0.8804150807942194,487.0
AMC-041,1,75,ok,,487,-638.0,10.600000000000136,92987204.0,3.6259344277656576,291.0,3.629911623986891,433.0,-356.6735112936345,195.28713280403423,-413.0,-855.0,1288.0,129.42607495069032,436.96546459469766,0.9125054177832304,92987204.0,0.0982463981380366,63722.82358992955,68.3997949174408,3416.7254253347437,149.96883126365503,31.121405823949452,12.803334506219395,0.41391715888761854,2.6593820712088583,2.9310935757639855,5.589376553514754,0.40466479480841755,0.3233379592750922,0.9657817525713805,0.8815553318943553,-0.12626945805064055,0.7641358368168931,0.3269601294551514,7.988038793125146,0.013920755527695549,6.7250130343015435,0.5006627416447136,0.042168568512994,15.976077586250293,4.3264088624123715,10.98118508254221,6.080308061817663,80.16221765913758,0.1646041430372435,4.7221938786266335,47.84599589322382,11.336582774308615,71.29568788501027,17.036960985626283,961.9568788501027,0.4570376341554662,0.03459916940921039,0.2439865477811242,18.938490665513484,0.01436816217506371,41.58010112734681,0.09449500347852721,11.729279669055577,72.31629313266366,1.3483396244466137,93.4606036116157,0.0446737995607228,0.03548519394522057,4.105185754359344,363.2989733971011,0.8250985695009536,0.9034907597535935,0.12174951510954216,0.9265175111853309,67.6846805867606,0.033554233439784566,10.617647058823529,0.07807093425605537,17.41473832179931,82.4779411764706,78.58088235294117,4103.404411764706,1.917753294067292,0.05577761580989348,43.63235294117647,0.32082612456747406,0.582121057300312,46.55078211975124,0.04336085924616673,5.5714121487909924,0.2792607802874743,65.75816392733564,0.6338607530553262,0.013820966837487491,239.83752049565473,0.13731248959356016,1.6489815127260778,0.8800837407612805,0.5704285090903564,6.61398248747469,11.594761450513388,13.341664064126334,13.892443989449804,13.038404810405298,15.297058540778355,473.8333333333333,10.204361030602513,0.704565621313728,417.17001244966093,0.8804150807942194,487.0
AMC-041,1,100,ok,,487,-638.0,10.600000000000136,92987204.0,3.240089199124462,291.0,3.629911623986891,433.0,-356.6735112936345,195.28713280403423,-413.0,-855.0,1288.0,129.42607495069032,436.96546459469766,0.9125054177832304,92987204.0,0.1276094261897634,63722.82358992955,39.95707200078232,1084.625489167541,63.2883202926388,17.67596204989875,7.386181466921386,0.40757329429042516,2.0168991098871873,2.588010221783304,3.236206096692709,0.46265159908453807,0.39401977909844593,0.9670411784702414,0.884130543519369,-0.10566506835316042,0.6881380243302881,0.39386781133681364,6.1137961287156815,0.02228579789611683,6.078399059728813,0.4853071555531168,0.0632504747708711,12.227592257431361,3.928893880563862,6.265535879205033,5.94261294766792,64.69199178644764,0.13283776547525183,6.258482348030307,62.14579055441479,6.475618651678761,41.64271047227926,24.412731006160165,813.7330595482546,1.0822747408366222,0.05404092384270744,0.18153431811114137,8.367882983587116,0.01582949414191869,51.89858944746269,0.12185845898714948,6.756300573586392,42.417104859101116,1.478189245656433,59.65457274783708,0.0767256682695314,0.055362321637891204,3.8397557376558664,331.75035655229965,0.7774357716727518,0.8745853735586796,0.16641304367794152,0.903109858403666,38.87497419052525,0.05097599050787563,9.185567010309278,0.0946965671165905,10.343500903390371,51.329896907216494,189.49484536082474,5659.030927835051,7.8559535968515855,0.08504876155637124,29.391752577319586,0.3030077585290679,0.5676803737584618,26.793907465227484,0.062225380282013854,5.321498478135109,0.19917864476386038,164.28823466893402,1.0307037350047945,0.013913212870113266,113.17738171164453,0.10124844865788692,1.0179059920627678,0.8800837407612805,0.5704285090903564,6.61398248747469,11.594761450513388,13.341664064126334,13.892443989449804,13.038404810405298,15.297058540778355,473.8333333333333,10.204361030602513,0.704565621313728,417.17001244966093,0.8804150807942194,487.0
AMC-041,2,25,ok,,58,-632.8,-58.099999999999945,10857810.0,4.522050935552321,375.25,2.7277777435104653,216.0,-362.62068965517244,189.56123662306777,-400.0,-870.0,1086.0,134.67863894139887,432.67033719641006,0.45844723400573095,86862480.0,0.05112960760998812,55709.8561236623,471.3183841142296,74994.17113842472,950.3486413458581,166.05895122039186,170.58819117072883,-0.010101295002805181,10.656630335271892,3.922868834405388,54.098603939437915,0.15740068303226037,0.07539816353285266,0.9270861262808656,0.8195538967594322,-0.7107118547314618,0.9990667318793338,0.0802557812096778,21.727675424255526,0.019389002413849183,5.7564605818184935,0.9845334105539607,0.03343634352196531,43.45535084851105,4.342903715768205,84.16178559778017,4.929113702352954,33.86206896551724,0.5838287752675386,0.28299643281807374,2.9655172413793105,89.8100475624257,530.0862068965517,2.0,996.1896551724138,0.025216785252012895,0.021180163826263382,0.7883141762452107,422.3917624521073,0.020415646077153456,2.927019139360337,0.051074914955939237,90.20135619620162,530.6594378851639,1.0367264314632736,548.4079196665405,0.021534099250370572,0.021392132031782862,4.550281322339801,55.95855022170811,0.976144936275526,0.9880636604774534,0.011927531862237047,0.9908183921341815,526.2223174398197,0.021356640227135935,2.4693877551020407,0.05039566847147022,95.91670137442732,538.6326530612245,1.6326530612244898,823.8979591836735,0.027010563815464433,0.024360929030786294,36.59183673469388,0.7467721782590587,0.88718820861678,477.76984126984127,0.023988091380024768,4.800948558790152,0.8448275862068966,0.23157017909204497,0.05514607247646999,0.04840983819938252,3379.9482004979627,1.888577747770916,26.68145234642881,0.8454992017263759,0.5584999559500058,6.509684242940659,11.655657576315681,12.649110640673518,12.649110640673518,12.649110640673518,13.2664991614216,407.3333333333333,9.854849176370895,0.7529573527329879,352.92333948123553,0.8664239103467322,464.0
AMC-041,2,50,ok,,58,-632.8,-58.099999999999945,10857810.0,3.8915135391221995,375.25,2.7277777435104653,216.0,-362.62068965517244,189.56123662306777,-400.0,-870.0,1086.0,134.67863894139887,432.67033719641006,0.45844723400573095,86862480.0,0.07907253269916764,55709.8561236623,133.72820740052327,4662.534221152131,117.51757056770842,41.544363482577936,43.5776517159976,-0.019571793351266836,5.3591223654351685,3.33529502241504,14.051060864121427,0.25307440191841113,0.15854869304928274,0.9312695911860036,0.8251807003058057,-0.5531518692469365,0.9923277719226709,0.17804027575731848,11.582143077139081,0.022687728894379675,5.5790722133778825,0.905170739024824,0.044876328005716365,23.164286154278155,3.892297821507794,21.28050379964388,4.618768874766749,23.24137931034483,0.40071343638525564,0.7086801426872771,4.586206896551724,22.715814506539836,148.31034482758622,3.4482758620689653,485.0689655172414,0.06036856290640361,0.03006890081615244,0.6381704980842912,96.40277777777779,0.026100491211075223,4.4464609800362975,0.07864972410077115,22.914643188332377,148.54537832940738,1.0812929760298182,159.5883222276144,0.031554304083461514,0.030545247252112405,3.972615981887702,53.875013388171276,0.9522983328984991,0.9748010610079574,0.02789812554447094,0.9812030075187971,145.83958740980066,0.03033537892000434,3.097560975609756,0.07555026769779893,26.46400951814396,152.34146341463415,2.7804878048780486,389.0731707317073,0.059394932560760054,0.037816765216586626,25.682926829268293,0.6264128494943486,0.8148712737127372,124.16548102981031,0.03598455929687117,4.238666566058876,0.7068965517241379,0.7792980368828077,0.09395147464158829,0.06828981905835639,624.9421743138574,0.5361299652123614,10.409607340892036,0.8454992017263759,0.5584999559500058,6.509684242940659,11.655657576315681,12.649110640673518,12.649110640673518,12.649110640673518,13.2664991614216,407.3333333333333,9.854849176370895,0.7529573527329879,352.92333948123553,0.8664239103467322,464.0
AMC-041,2,75,ok,,58,-632.8,-58.099999999999945,10857810.0,3.4210960819645413,375.25,2.7277777435104653,216.0,-362.62068965517244,189.56123662306777,-400.0,-870.0,1086.0,134.67863894139887,432.67033719641006,0.45844723400573095,86862480.0,0.10879904875148631,55709.8561236623,62.635845730450576,903.8890570240142,34.91523970435457,18.319680627329163,18.58399325580945,-0.004813715219939951,3.501959901402482,2.9216226332036146,5.998475498904184,0.3256361555911711,0.22993730594000963,0.9310158490093373,0.8249238794660781,-0.4308467509536653,0.9711208265590936,0.24736226535658307,7.9158189077363295,0.02746114386351212,5.338537162605108,0.7976516319809059,0.052934126928899906,15.831637815472657,3.580357961386684,9.225918470784652,4.5157659704385225,17.17241379310345,0.29607609988109396,0.9607609988109393,6.310344827586207,9.840963139120095,68.70689655172414,5.241379310344827,346.98275862068965,0.14603705636282974,0.04318243011506645,0.45938218390804597,34.15872126436782,0.02936116900710968,5.989439470927675,0.10767951844454811,9.996395980692665,68.87008619195552,1.1328557407504778,77.36382374095624,0.04737692023183878,0.043980237050320045,3.583052697499502,51.25338900865218,0.9206463388021102,0.9588859416445624,0.04372412259266556,0.9683123163386321,66.77107182912538,0.04322645697533108,3.0625,0.095703125,12.65234375,71.75,4.8125,328.34375,0.14865107776832773,0.05800031427766973,13.75,0.4296875,0.6765451388888888,51.934374999999996,0.049235678935590034,4.176108500731234,0.5517241379310345,1.52734375,0.16697637921715133,0.07300431266808217,201.8132768567589,0.2835221295328082,5.092773208617358,0.8454992017263759,0.5584999559500058,6.509684242940659,11.655657576315681,12.649110640673518,12.649110640673518,12.649110640673518,13.2664991614216,407.3333333333333,9.854849176370895,0.7529573527329879,352.92333948123553,0.8664239103467322,464.0
AMC-041,2,100,ok,,58,-632.8,-58.099999999999945,10857810.0,3.095587024881208,375.25,2.7277777435104653,216.0,-362.62068965517244,189.56123662306777,-400.0,-870.0,1086.0,134.67863894139887,432.67033719641006,0.45844723400573095,86862480.0,0.14030915576694417,55709.8561236623,36.23703477528879,274.1214342173014,13.330597066831722,10.091513789303807,10.62529235929123,-0.02165865432226827,2.6171238108028168,2.605367471141537,3.594672508231488,0.3885216094287696,0.3005127181747812,0.93759562035286,0.8347156271711225,-0.35370746581741513,0.9358448173480174,0.3079460525307403,6.028893397979742,0.03659958777651444,5.014239768175195,0.728357712198063,0.07908584241192683,12.057786795959483,3.2459600403877555,5.179201537148758,4.480561763887378,13.275862068965518,0.22889417360285375,1.690844233055886,8.137931034482758,5.63614744351962,40.0,8.379310344827585,303.37931034482756,0.35201352821930526,0.06257514402909238,0.3718295019157088,15.569367816091953,0.03580144560789318,7.428121716622978,0.1363288325881291,5.794748721313587,40.204438611660365,1.2076562898761356,47.72113522088467,0.0726162004548033,0.06405465622510932,3.3685015986566054,48.356954668923194,0.8858429309547452,0.9389920424403184,0.06915129582182035,0.9529250055034096,38.42091693889647,0.06222038648555651,2.92,0.1168,8.134400000000001,42.24,12.48,437.28,0.5313151208019173,0.09090610131410999,10.92,0.4368,0.6820974573655891,28.618262057722497,0.07507476584481339,3.9092750707107076,0.43103448275862066,7.097600000000001,0.20164106072167132,0.08199538993226048,108.00865910580751,0.1702153775092905,3.7284097890136407,0.8454992017263759,0.5584999559500058,6.509684242940659,11.655657576315681,12.649110640673518,12.649110640673518,12.649110640673518,13.2664991614216,407.3333333333333,9.854849176370895,0.7529573527329879,352.92333948123553,0.8664239103467322,464.0
AMC-041,3,25,ok,,14,-509.1,50.90000000000005,1860868.0,3.3248629576173534,184.5,2.7006762805453226,179.0,-284.7142857142857,171.0816326530612,-316.0,-690.0,869.0,89.3,364.5807768617853,0.48263409148052394,50243436.0,0.11224489795918367,51856.91836734694,306.71327838827835,40154.39642188915,415.3194988155978,118.65273188121402,168.88049450549448,-0.24324463427739323,10.901556776556776,1.5846219539063047,42.008555184894476,0.1441128622405966,0.05619655515530485,0.8958091105626578,0.7851335711550403,-0.89777895731953,0.9884121085112044,0.05293808826108004,17.562225274725275,0.17543007587650447,2.7366366059209546,0.9999999999999966,0.18855311355311358,35.12445054945055,1.6866655207283843,71.88330659667713,3.521640636343314,10.571428571428571,0.7551020408163265,0.12244897959183673,1.5714285714285714,83.12244897959182,377.0,1.4285714285714286,500.85714285714283,0.07777155522719678,0.07628860910757244,0.8928571428571429,346.0357142857143,0.07591787257766637,1.551141166525782,0.11134849934511812,83.61416774265462,377.52071005917156,1.0177514792899407,382.6508875739645,0.0767809701982972,0.07671954639452577,3.3419191581310135,13.781065088757398,0.9890760127446517,0.9945054945054945,0.005461993627674101,0.9955621301775147,376.2381656804734,0.07670419044358293,1.3076923076923077,0.10059171597633136,89.51479289940829,383.7692307692308,1.2307692307692308,450.46153846153845,0.08268930328699445,0.08189079383796596,11.153846153846153,0.8579881656804734,0.9423076923076923,367.09615384615387,0.08169116647570886,3.5465935642949344,0.9285714285714286,0.07100591715976332,0.06140081765081765,0.11850831234672296,1035.9725159760874,11.359110018438136,39.40963144134267,0.8184544263327873,0.4471561947881193,5.114875969014506,11.438678539247658,12.0,12.36931687685298,12.36931687685298,12.727922061357855,293.625,9.362037081845106,0.7847206567687404,272.24780859269515,0.9271956018482593,378.0
AMC-041,3,50,ok,,14,-509.1,50.90000000000005,1860868.0,3.3248629576173534,184.5,2.7006762805453226,179.0,-284.7142857142857,171.0816326530612,-316.0,-690.0,869.0,89.3,364.5807768617853,0.48263409148052394,50243436.0,0.11224489795918367,51856.91836734694,83.36364468864468,2376.6591478764562,49.15564687108062,28.67491060526775,41.06904761904762,-0.2419048349005321,5.370329670329669,1.4692373385216893,10.166913483342055,0.23985121004351775,0.1541258110877368,0.8979039854425864,0.7876856699197089,-0.89777895731953,0.9884121085112044,0.25209942392178014,9.156135531135531,0.17543007587650447,2.7366366059209546,0.9999999999999966,0.18855311355311358,18.312271062271062,1.5572843737364943,17.43598955607884,3.521640636343314,10.571428571428571,0.7551020408163265,0.12244897959183673,1.5714285714285714,20.49489795918367,100.21428571428571,1.4285714285714286,134.92857142857142,0.09389172616798043,0.08860072087697513,0.8928571428571429,91.53571428571429,0.08727796955422382,1.551141166525782,0.11134849934511812,20.61613703287414,100.32797971259508,1.0177514792899407,101.7658495350803,0.08927108820775422,0.0890519341424463,3.3419191581310135,13.781065088757398,0.9890760127446517,0.9945054945054945,0.005461993627674101,0.9955621301775147,99.96851225697378,0.08899714562611932,1.3076923076923077,0.10059171597633136,22.071005917159763,101.6923076923077,1.2307692307692308,120.38461538461539,0.09731549617710332,0.09446649332810046,11.153846153846153,0.8579881656804734,0.9423076923076923,97.01923076923077,0.09375424261584976,3.5465935642949344,0.9285714285714286,0.07100591715976332,0.05743456105298211,0.2467162667571954,251.57743635332923,1.3772929775300238,19.769893772993363,0.8184544263327873,0.4471561947881193,5.114875969014506,11.438678539247658,12.0,12.36931687685298,12.36931687685298,12.727922061357855,293.625,9.362037081845106,0.7847206567687404,272.24780859269515,0.9271956018482593,378.0
AMC-041,3,75,ok,,14,-509.1,50.90000000000005,1860868.0,3.039148671903068,184.5,2.7006762805453226,179.0,-284.7142857142857,171.0816326530612,-316.0,-690.0,869.0,89.3,364.5807768617853,0.48263409148052394,50243436.0,0.13265306122448978,51856.91836734694,47.15421245421245,583.3689740459365,15.389434665792448,14.378186704168845,20.420787545787544,-0.2361536717561994,3.848443223443223,1.4133228238459001,4.627221241060527,0.27743254430754427,0.18403123201642535,0.9016811403135561,0.7868254510188749,-0.8734534482907329,0.9873888166043652,0.3034843260716985,6.886584249084249,0.1769999345892203,2.7146585839429327,0.9999999999999967,0.18855311355311358,13.773168498168495,1.5411960724267062,8.699743562489097,3.2359263506290294,10.571428571428571,0.7551020408163265,0.12244897959183673,1.8571428571428572,9.918367346938775,55.0,1.4285714285714286,76.0,0.10935080153125501,0.10060444584612382,0.8928571428571429,49.75,0.09841785692484102,1.8385460693153004,0.13200746844026642,9.976535721252542,55.03550295857988,1.0177514792899407,55.90532544378698,0.10144125515012818,0.10107898006257836,3.0545142553414952,13.781065088757398,0.9890760127446517,0.9945054945054945,0.005461993627674101,0.9955621301775147,54.8180473372781,0.10098841129069092,1.6153846153846154,0.1242603550295858,10.674556213017752,55.46153846153846,1.2307692307692308,66.76923076923077,0.11148296679818043,0.10677339066003287,11.153846153846153,0.8579881656804734,0.9423076923076923,52.63461538461539,0.10559599662549599,3.2389012566026274,0.9285714285714286,0.07100591715976332,0.0864928300865801,0.25291113700526313,106.27268089053803,0.721529618340843,11.244852839166535,0.8184544263327873,0.4471561947881193,5.114875969014506,11.438678539247658,12.0,12.36931687685298,12.36931687685298,12.727922061357855,293.625,9.362037081845106,0.7847206567687404,272.24780859269515,0.9271956018482593,378.0
AMC-041,3,100,ok,,14,-509.1,50.90000000000005,1860868.0,2.61057724333164,184.5,2.7006762805453226,179.0,-284.7142857142857,171.0816326530612,-316.0,-690.0,869.0,89.3,364.5807768617853,0.48263409148052394,50243436.0,0.1836734693877551,51856.91836734694,23.563095238095237,137.64419421027785,6.093971963953473,6.907386076225361,9.751556776556775,-0.22725407488120314,2.5726190476190474,1.2079417821281186,2.6138312183847896,0.4009593581022152,0.31284652722435524,0.9022875996465772,0.7964483913522374,-0.7953057563802405,0.9717023940958219,0.2755264477585906,4.87257326007326,0.21946788330716901,2.4685240085600126,0.9963765830717245,0.27028388278388277,9.74514652014652,1.4152025112557556,4.164735713195535,3.2359263506290294,4.857142857142857,0.3469387755102041,0.9795918367346939,2.5714285714285716,4.918367346938776,27.142857142857142,4.428571428571429,103.85714285714286,0.29273699294532624,0.13309413580246915,0.5818452380952381,18.224702380952383,0.11252865961199296,2.4344885883347427,0.17955994414151638,5.089130702349217,27.33199492814878,1.1094674556213018,29.735841081994938,0.14142449381498526,0.1362136949984172,2.7204896369982943,12.714003944773177,0.9349365296110859,0.967032967032967,0.032531735194457095,0.9726331360946745,26.73103338968724,0.13491099529427522,1.4444444444444444,0.16049382716049382,7.506172839506172,30.333333333333332,3.5555555555555554,86.22222222222223,0.3020353223593964,0.17981310013717422,5.666666666666667,0.6296296296296297,0.7970679012345678,26.148919753086417,0.1694735939643347,2.7254805569978653,0.6428571428571429,1.1358024691358026,0.12352379763094051,0.3113694623966494,40.901606148953086,0.43450140724193187,6.79833991699585,0.8184544263327873,0.4471561947881193,5.114875969014506,11.438678539247658,12.0,12.36931687685298,12.36931687685298,12.727922061357855,293.625,9.362037081845106,0.7847206567687404,272.24780859269515,0.9271956018482593,378.0
AMC-041,5,25,ok,,5,-509.8,-101.19999999999997,754574.0,1.9219280948873612,231.0,2.3383642517891676,16.0,-335.6,164.07999999999998,-398.0,-511.0,527.0,78.22222222222223,388.4775411783801,0.878396070629146,94321750.0,0.28,38287.43999999999,56.3125,302.125,0.0,6.625,181.125,-0.7675438596491229,11.625,0.24999999999999958,1.0,0.15333196215549158,0.07758865556383036,0.7708153824202021,0.6823846600294196,-0.958333333333333,0.9354878906510882,0.01564429504440665,8.875,0.453125,1.1874999999999991,0.9999999999999993,0.46875,17.75,0.24999999999999958,46.9375,1.9219280948873614,2.6,0.52,0.24,1.4,60.400000000000006,124.4,2.2,125.6,1.6079687786960513,0.40796877869605136,0.7,124.1,0.10796877869605141,1.3499999999999999,0.27625,60.37343750000001,128.25625000000002,1.09375,128.35000000000002,0.48321780303030293,0.38946780303030293,1.931687083026441,4.6875,0.953125,0.975,0.0234375,0.9765625,128.23281250000002,0.366030303030303,1.0,0.25,60.1875,155.25,1.75,156.0,1.0099609733700643,0.25996097337006424,2.5,0.625,0.8125,155.0625,0.07246097337006428,1.9999999999999987,0.8,0.1875,0.44921875,0.08695652173913043,333.0,80.53333333333335,24.73,0.758029993021974,0.5139463344610666,6.064239944175792,11.79936413114973,11.180339887498949,11.180339887498949,11.180339887498949,12.24744871391589,369.7916666666667,8.944271909999161,0.8460087718030579,294.4968621807007,0.7963858808266836,625.0
AMC-041,5,50,ok,,5,-509.8,-101.19999999999997,754574.0,1.9219280948873612,231.0,2.3383642517891676,16.0,-335.6,164.07999999999998,-398.0,-511.0,527.0,78.22222222222223,388.4775411783801,0.878396070629146,94321750.0,0.28,38287.43999999999,21.4375,32.125,0.0,2.125,49.375,-0.763888888888889,6.125,0.24999999999999958,0.25,0.2140376984126984,0.10831217409086262,0.7819322307978076,0.6871924856899282,-0.958333333333333,0.9354878906510882,0.0514497962580349,5.25,0.453125,1.1874999999999991,0.9999999999999993,0.46875,10.5,0.24999999999999958,12.875,1.9219280948873614,2.6,0.52,0.24,1.4,16.560000000000002,39.6,2.2,40.8,1.6194444444444442,0.41944444444444445,0.7,39.3,0.11944444444444444,1.3499999999999999,0.27625,16.513437500000002,40.806250000000006,1.09375,40.900000000000006,0.4950520833333334,0.40130208333333334,1.931687083026441,4.6875,0.953125,0.975,0.0234375,0.9765625,40.782812500000006,0.37786458333333334,1.0,0.25,16.1875,49.25,1.75,50.0,1.0243055555555556,0.2743055555555555,2.5,0.625,0.8125,49.0625,0.08680555555555555,1.9999999999999987,0.8,0.1875,0.4765624999999999,0.1639344262295082,92.33333333333334,11.592,12.819047619047621,0.758029993021974,0.5139463344610666,6.064239944175792,11.79936413114973,11.180339887498949,11.180339887498949,11.180339887498949,12.24744871391589,369.7916666666667,8.944271909999161,0.8460087718030579,294.4968621807007,0.7963858808266836,625.0
AMC-041,5,75,ok,,5,-509.8,-101.19999999999997,754574.0,1.9219280948873612,231.0,2.3383642517891676,16.0,-335.6,164.07999999999998,-398.0,-511.0,527.0,78.22222222222223,388.4775411783801,0.878396070629146,94321750.0,0.28,38287.43999999999,9.6875,2.125,0.0,0.625,20.875,-0.7916666666666665,3.875,0.24999999999999958,0.25,0.2980654761904762,0.20323131955484897,0.7919153960249672,0.7036255411255412,-0.958333333333333,0.9354878906510882,0.24034509637188212,3.5,0.453125,1.1874999999999991,0.9999999999999993,0.46875,7.0,0.24999999999999958,5.375,1.9219280948873614,2.6,0.52,0.24,1.4,6.960000000000001,17.2,2.2,18.4,1.665625,0.465625,0.7,16.9,0.165625,1.3499999999999999,0.27625,6.988437500000001,17.706249999999997,1.09375,17.799999999999997,0.54267578125,0.44892578125000004,1.931687083026441,4.6875,0.953125,0.975,0.0234375,0.9765625,17.682812499999997,0.42548828125000004,1.0,0.25,7.1875,21.25,1.75,22.0,1.08203125,0.33203125,2.5,0.625,0.8125,21.0625,0.14453125,1.9999999999999987,0.8,0.1875,0.48750000000000004,0.2564102564102564,37.93333333333334,3.2480000000000007,8.257142857142858,0.758029993021974,0.5139463344610666,6.064239944175792,11.79936413114973,11.180339887498949,11.180339887498949,11.180339887498949,12.24744871391589,369.7916666666667,8.944271909999161,0.8460087718030579,294.4968621807007,0.7963858808266836,625.0
AMC-041,5,100,ok,,5,-509.8,-101.19999999999997,754574.0,1.9219280948873612,231.0,2.3383642517891676,16.0,-335.6,164.07999999999998,-398.0,-511.0,527.0,78.22222222222223,388.4775411783801,0.878396070629146,94321750.0,0.28,38287.43999999999,10.0,4.890625,0.0,0.8125,14.625,-0.7592592592592592,3.375,0.24999999999999958,0.0625,0.2950892857142857,0.17660969793322734,0.7994560935830215,0.6959316724941724,-0.958333333333333,0.9354878906510882,0.15885416666666669,3.4375,0.453125,1.1874999999999991,0.9999999999999993,0.46875,6.875,0.24999999999999958,3.859375,1.9219280948873614,2.6,0.52,0.24,1.4,4.960000000000001,15.2,2.2,16.4,1.6388038548752835,0.4388038548752834,0.7,14.9,0.13880385487528346,1.3499999999999999,0.27625,4.925937500000001,15.643749999999999,1.09375,15.737499999999999,0.5150164753401361,0.421266475340136,1.931687083026441,4.6875,0.953125,0.975,0.0234375,0.9765625,15.620312499999999,0.397828975340136,1.0,0.25,4.6875,18.75,1.75,19.5,1.0485048185941044,0.2985048185941043,2.5,0.625,0.8125,18.5625,0.1110048185941043,1.9999999999999987,0.8,0.1875,0.53125,0.2941176470588235,28.1,1.9013333333333342,6.921739130434782,0.758029993021974,0.5139463344610666,6.064239944175792,11.79936413114973,11.180339887498949,11.180339887498949,11.180339887498949,12.24744871391589,369.7916666666667,8.944271909999161,0.8460087718030579,294.4968621807007,0.7963858808266836,625.0
R01-091,1,25,ok,,307,-215.2,54.400000000000034,4643897.0,3.801170338652618,152.0,3.405660687285592,118.0,-50.381107491856675,91.2258803806937,-8.0,-389.0,507.0,63.73567680133277,122.99065137535007,-1.090318572034689,4643897.0,0.09391081072478223,12588.444333626883,241.40862938825546,5998.592480250677,-285.0972199894432,37.40145868781061,25.60999409966888,0.1915568671786825,3.5691254176151426,3.3310157924396173,12.657887435529053,0.38802289320120337,0.3133990743863745,0.9524518470380295,0.8705961032131999,-0.16602320110994395,0.8294196152163592,0.29291736339761537,15.441858112337325,0.019535620445752792,6.468117343243839,0.5530295642656194,0.06459688016220069,30.883716224674647,4.225703616608754,15.752863196869876,5.847940063656339,49.33876221498371,0.16071258050483295,8.16191153221785,28.830618892508145,19.94972890959055,230.9087947882736,21.495114006514658,6440.635179153094,0.10333912741788548,0.017600469201286495,0.3407894049980574,56.81384614094359,0.012169629414885967,23.33494766301601,0.08456730122240273,20.696343088211083,223.83260432346484,1.3925942828660303,339.45124399591106,0.02099988202129147,0.019005861682214877,4.293220609305674,228.5319943695467,0.8277465611390896,0.8980205462290154,0.14912547984661578,0.9268743522865486,202.62850618353198,0.018589112520545084,7.706896551724138,0.06643876337693222,21.49821640903686,162.20689655172413,50.043103448275865,15271.836206896553,0.21590836788878182,0.0348664611435733,56.275862068965516,0.48513674197384066,0.7237079029042961,109.39209226505236,0.030328240233890504,5.094418463230731,0.3778501628664495,43.03886741973841,0.155263084354821,0.017187242030267467,492.36885743387495,0.27470533261879476,3.266252415474637,0.679062322563431,0.5156362686388607,5.820300349390435,11.287608539939292,9.848857801796104,12.206555615733702,9.433981132056603,13.038404810405298,296.4166666666667,7.664989671317995,0.7278669985850681,295.3705386195197,0.9964707515980423,307.0
R01-091,1,50,ok,,307,-215.2,54.400000000000034,4643897.0,2.8659843815783375,152.0,3.405660687285592,118.0,-50.381107491856675,91.2258803806937,-8.0,-389.0,507.0,63.73567680133277,122.99065137535007,-1.090318572034689,4643897.0,0.17866502562361403,12588.444333626883,64.09901007130026,374.89764548578125,-34.90992756363174,9.499319646589752,6.601927762994862,0.18409484267016205,1.7870551528409575,2.532219454797536,3.3571245748477585,0.5300763940899815,0.47324869977130823,0.9547501226068503,0.8760730536230091,-0.09109190476673626,0.611972342340806,0.36042130250496834,7.9606809873812505,0.06495946054628074,4.978032848874422,0.4167724024874499,0.19976968372034734,15.921361974762501,3.3274272241562945,4.025311852396153,5.588794673007511,30.433224755700326,0.09913102526286752,26.658850491782406,54.85016286644951,5.070823032605121,61.39413680781759,62.074918566775246,4962.71009771987,0.8772525433721975,0.046497873426042974,0.21847179213808263,8.421268787240178,0.024555350477654704,35.73020794538216,0.14353168895336346,5.490039640332889,57.55132590596637,1.926492693291347,130.10998048715658,0.06821902757922109,0.05358815463640129,3.6826964478028925,178.08462710881884,0.7148325530548882,0.8095715359559008,0.3902212762317578,0.869212712546211,47.559144414684745,0.05121753323990798,10.105263157894736,0.1329639889196676,5.717451523545706,36.8421052631579,173.77631578947367,13777.421052631578,2.4370449256600004,0.11248765574911194,29.13157894736842,0.3833102493074792,0.6404695540937556,21.517553926704128,0.0884304560757325,4.52493276614632,0.247557003257329,157.45896814404432,0.5457388709371348,0.01841495684744748,67.45146888610523,0.1346233018197478,0.8507781484679428,0.679062322563431,0.5156362686388607,5.820300349390435,11.287608539939292,9.848857801796104,12.206555615733702,9.433981132056603,13.038404810405298,296.4166666666667,7.664989671317995,0.7278669985850681,295.3705386195197,0.9964707515980423,307.0
R01-091,1,75,ok,,307,-215.2,54.400000000000034,4643897.0,2.2917099785798203,152.0,3.405660687285592,118.0,-50.381107491856675,91.2258803806937,-8.0,-389.0,507.0,63.73567680133277,122.99065137535007,-1.090318572034689,4643897.0,0.2680028435314964,12588.444333626883,38.28405598364774,74.32864288576988,-10.473251134642396,4.247766434241017,2.908326490542671,0.19164297929578283,1.1543754424971493,2.056892988059417,1.5495420521941645,0.622570625314449,0.5820266558151096,0.9612551243339511,0.888606354505439,-0.06616514168633453,0.4805762501773,0.38131903978058096,6.160212951828071,0.13304338655586329,3.932526167345849,0.3241221917969187,0.31043937529917154,12.320425903656142,2.7465078118046833,1.7890232311959218,5.304241354376154,22.928338762214985,0.07468514254793154,39.642924593364384,82.27687296416939,2.2446498106080703,36.469055374592834,100.1986970684039,4781.622149837133,2.198734202693021,0.047194533079246904,0.15327220432234642,3.431774394165513,0.018139617632138765,46.73061043924925,0.20535290985368798,2.46433488127901,33.192359396913815,2.5189045085268678,103.75465388097996,0.09095498852338954,0.05533579807205839,3.349216882146955,144.18157481031997,0.6324073776876009,0.73916311701328,0.6618268515414887,0.8213666016804212,25.304860123776884,0.050623116642339275,9.0,0.1836734693877551,3.327780091628488,21.346938775510203,465.81632653061223,21371.102040816328,10.64003869915313,0.1229916065065482,18.142857142857142,0.37026239067055394,0.6280522439073513,11.894949253416073,0.09681934976460072,4.121678915623945,0.15960912052117263,426.5622657226155,0.9950744781031524,0.01735987059107751,24.417260135012416,0.0781804404223335,0.49794071185390176,0.679062322563431,0.5156362686388607,5.820300349390435,11.287608539939292,9.848857801796104,12.206555615733702,9.433981132056603,13.038404810405298,296.4166666666667,7.664989671317995,0.7278669985850681,295.3705386195197,0.9964707515980423,307.0
R01-091,1,100,ok,,307,-215.2,54.400000000000034,4643897.0,1.951487139946127,152.0,3.405660687285592,118.0,-50.381107491856675,91.2258803806937,-8.0,-389.0,507.0,63.73567680133277,122.99065137535007,-1.090318572034689,4643897.0,0.3122473447994143,12588.444333626883,18.546369009405787,24.25523627165181,-4.435683775845533,2.474987179315323,1.6993418058248595,0.18926048940904863,0.8781745193903834,1.7706774631122604,0.9130719305808832,0.6709899857943398,0.6405691750832183,0.9596988020193836,0.8878517855795791,-0.048135362816574837,0.37962785065576543,0.3953067900467265,4.283922039506499,0.16925578229426413,3.366962106073927,0.280304023051582,0.3486171710030844,8.567844079012998,2.393213288547798,1.043582246285046,5.151938696580077,19.60586319218241,0.0638627465543401,41.49561268554574,95.8599348534202,1.2943373404492353,17.661237785016286,117.8729641693811,2842.0781758957655,5.240225298588491,0.11018186753528773,0.110453752252488,1.0357393031102673,0.03702706498545505,54.901839368274146,0.2540356696749754,1.384213625448509,15.473875725033773,2.871876806631295,59.04933602468514,0.22708989334157195,0.1352296635559534,3.08631816394746,126.06196091294632,0.5812421764048309,0.7023302430468554,0.804025895141051,0.7895769804158517,10.886243737012887,0.12306123476696973,7.258064516129032,0.23413111342351717,1.991675338189386,8.161290322580646,879.7096774193549,19576.645161290322,43.656729390681,0.39712365591397847,12.35483870967742,0.39854318418314255,0.6487640295836705,5.146065662096012,0.3020538843473662,3.49738148913751,0.10097719869706841,781.6357960457856,1.9578451504859704,0.017461586477796467,10.890456180995603,0.06584211750193636,0.23096454296495153,0.679062322563431,0.5156362686388607,5.820300349390435,11.287608539939292,9.848857801796104,12.206555615733702,9.433981132056603,13.038404810405298,296.4166666666667,7.664989671317995,0.7278669985850681,295.3705386195197,0.9964707515980423,307.0
R01-091,2,25,ok,,39,-325.2,47.60000000000001,897645.0,3.6475995783256483,138.0,3.271476905492204,74.0,-76.94871794871794,102.96252465483231,-30.0,-413.0,487.0,69.58168574401667,151.71202477568633,-1.171998370247649,7181160.0,0.09138724523339906,17095.433267587105,222.57837782646305,5962.483829406699,-229.71147461314098,45.68257430254474,52.50943012768629,-0.06272101702955085,5.413237134158523,3.1155644410121854,22.33374185309255,0.28895671435207376,0.2045031710570145,0.9047820121116561,0.8123085326227669,-0.5891145263409628,0.9888947809496877,0.22444975152627383,14.968991215967593,0.03856228190089793,4.815101319273525,0.9256715376890885,0.06033601891893721,29.937982431935186,3.443704092889971,24.548001107557752,4.240405103422153,13.512820512820513,0.34648257725180803,1.034845496383958,3.5641025641025643,27.877712031558183,234.7948717948718,4.538461538461538,1393.7179487179487,0.04934799799631969,0.03824354879905507,0.5614316239316239,100.25641025641026,0.036752873840821564,3.422550859797824,0.09079414661200777,28.339591620333316,231.80220862407094,1.1055367107998686,265.55967661838105,0.03981638202533271,0.03947518136069951,3.747201177541288,35.20549294233504,0.9331084155146445,0.9664694280078895,0.03344579224267777,0.9736158223000329,223.36284162549345,0.039389881194541204,2.230769230769231,0.08579881656804733,33.00147928994083,197.03846153846155,3.1923076923076925,895.3461538461538,0.06277746524716005,0.055691127859909165,13.923076923076923,0.5355029585798816,0.7539423076923076,124.31817307692307,0.054817482523916314,4.161978179679547,0.6666666666666666,0.9423076923076923,0.05350296600272801,0.08620287974922573,488.5992930418968,1.1233738296498947,13.470176788519172,0.7459003068768969,0.45538699655339293,5.086733711325393,11.170133863778403,8.94427190999916,11.661903789690601,10.0,12.328828005937952,274.3333333333333,8.331806276848328,0.7724171204115755,264.33294034048174,0.9635465626019991,312.0
R01-091,2,50,ok,,39,-325.2,47.60000000000001,897645.0,3.0144169616753587,138.0,3.271476905492204,74.0,-76.94871794871794,102.96252465483231,-30.0,-413.0,487.0,69.58168574401667,151.71202477568633,-1.171998370247649,7181160.0,0.15318869165023014,17095.433267587105,67.22065755620069,399.2015402084687,-29.585235068247474,11.951483011992206,13.847611951919399,-0.06498927793980747,2.794113189274045,2.5629023506588604,5.81350261713993,0.40252192983834667,0.32450012706520553,0.9140097099514448,0.8202432602637094,-0.45548216507558154,0.9511932077792242,0.3291825237451328,8.223986517363825,0.055332384512038035,4.390427169535635,0.8531657705482437,0.10676991828560005,16.447973034727646,3.0214401782594345,6.4497737409779,4.22104901362309,8.743589743589743,0.22419460880999342,3.648915187376726,5.9743589743589745,7.353057199211045,70.12820512820512,10.897435897435898,988.8974358974359,0.1806340099161167,0.0576670017092095,0.4261502849002849,22.648504273504276,0.047084074366866825,5.354952449284434,0.14669866551251173,7.589139872325879,68.79562035817096,1.2286343338974917,89.22896176782817,0.0640204896969969,0.06076194880280676,3.2844421135065605,32.214888951731055,0.8805384433062027,0.9349112426035504,0.0777207537394715,0.9503154239996345,64.43468575315741,0.060022053653999305,2.3,0.115,9.59,57.2,7.45,630.45,0.18465518603370337,0.09627045488382067,9.2,0.46,0.7012283950617283,34.077228395061724,0.08898968704833905,3.8219280948873573,0.5128205128205128,3.6475,0.09189572696597627,0.1092672638458355,102.09952954993605,0.28927778030709417,5.488160482889917,0.7459003068768969,0.45538699655339293,5.086733711325393,11.170133863778403,8.94427190999916,11.661903789690601,10.0,12.328828005937952,274.3333333333333,8.331806276848328,0.7724171204115755,264.33294034048174,0.9635465626019991,312.0
R01-091,2,75,ok,,39,-325.2,47.60000000000001,897645.0,2.351450253545967,138.0,3.271476905492204,74.0,-76.94871794871794,102.96252465483231,-30.0,-413.0,487.0,69.58168574401667,151.71202477568633,-1.171998370247649,7181160.0,0.23208415516107822,17095.433267587105,31.35428108818538,68.84443506489157,-7.692918418205967,4.952967437845284,5.624211849531543,-0.06035152834170355,1.767690731218797,2.1357782210893292,2.37135692252045,0.5069133414221919,0.44310049093120685,0.9128865197933094,0.8224402240169103,-0.3049701839746508,0.834295814963366,0.36562453041884146,5.612203784235685,0.0949912019197478,3.6806146333452476,0.6800436050671975,0.17683089334051777,11.22440756847137,2.5992608782268602,2.6442948218442055,4.282340283509325,6.0256410256410255,0.15450361604207757,7.301775147928994,9.051282051282051,2.9598948060486525,32.23076923076923,22.692307692307693,1014.3333333333334,0.6503234199662771,0.07973007151578579,0.252889165875277,4.904254313073757,0.04528901874139969,7.579121785307015,0.21838621584125167,3.033814952969798,30.892675908815892,1.421283797196985,48.88738074985611,0.09941936794692227,0.08596865102157034,2.8026364836543824,27.7788887905349,0.7950351543018652,0.8875739644970415,0.1321102781054183,0.9080012024637658,27.04678513494342,0.08287785243845709,2.230769230769231,0.17159763313609466,3.1360946745562135,21.692307692307693,19.46153846153846,817.3076923076923,0.7272078318506889,0.15075789290075006,3.6153846153846154,0.2781065088757396,0.524493627674101,7.715145020988216,0.12003362433747754,3.5465935642949344,0.3333333333333333,10.461538461538462,0.2412794773567082,0.09667361313614904,28.889981507065222,0.1986344803111769,2.279431743531983,0.7459003068768969,0.45538699655339293,5.086733711325393,11.170133863778403,8.94427190999916,11.661903789690601,10.0,12.328828005937952,274.3333333333333,8.331806276848328,0.7724171204115755,264.33294034048174,0.9635465626019991,312.0
R01-091,2,100,ok,,39,-325.2,47.60000000000001,897645.0,2.087733622196555,138.0,3.271476905492204,74.0,-76.94871794871794,102.96252465483231,-30.0,-413.0,487.0,69.58168574401667,151.71202477568633,-1.171998370247649,7181160.0,0.2833662064431295,17095.433267587105,23.92429445862613,29.330711220738138,-4.189511503003981,3.1593119112011836,3.5825864044870643,-0.05814120610695142,1.3854142514729406,1.9026278049519745,1.6050080742484587,0.5569623790344951,0.509656240296187,0.9228677569272222,0.8351665625490388,-0.2714546850070065,0.7678337377836543,0.441677304809826,4.900235240597334,0.12100211011471118,3.3551879657031214,0.6267082113427213,0.1989559174392261,9.800470481194669,2.336704232979136,1.685474578922062,4.0772120783811205,6.282051282051282,0.16107823800131493,7.247863247863248,11.051282051282051,1.8948060486522025,24.153846153846153,26.025641025641026,829.0769230769231,0.9669943019943019,0.08803418803418804,0.20036067584678696,2.9099715099715104,0.04347466739650381,9.197960768199458,0.2697640701578406,1.9738635558216893,23.200712841579715,1.4990231059640826,38.4169788541006,0.11553828244678474,0.09525662591727542,2.608153180706883,26.482388982019458,0.7701258821390413,0.8717948717948718,0.15626914989117796,0.8946481802943403,20.03395916266934,0.09079324349566159,2.0,0.2,2.24,15.2,36.3,1058.2,1.593388888888889,0.19063888888888889,3.0,0.3,0.48729454306377373,5.030539119000657,0.14565816074950688,3.12192809488736,0.2564102564102564,21.09,0.28068906518819436,0.11578648415893805,15.774523749307145,0.1393547580398151,1.7557198944383288,0.7459003068768969,0.45538699655339293,5.086733711325393,11.170133863778403,8.94427190999916,11.661903789690601,10.0,12.328828005937952,274.3333333333333,8.331806276848328,0.7724171204115755,264.33294034048174,0.9635465626019991,312.0
R01-091,3,25,ok,,12,-191.0,57.1,149387.0,2.8553885422075314,153.75,1.8297740919006076,63.0,-52.25,87.125,-14.5,-227.0,290.0,60.40625,111.57471338375316,-0.5140123789795797,4033449.0,0.1527777777777778,9718.854166666666,72.1202380952381,1013.2148004954533,-17.86439355901083,21.232602040816325,34.21380952380952,-0.2714202433179306,4.812857142857142,1.5097704448401008,9.46037074829932,0.289411075036075,0.2046126226962937,0.8540593402332904,0.7560736825483956,-0.8438466382537205,0.9895464690478422,0.21572645075783597,8.651190476190475,0.14941326530612248,2.832627587697242,0.9933141579163731,0.16595238095238096,17.30238095238095,1.732427081708805,13.861602891156462,2.8553885422075314,5.166666666666667,0.4305555555555556,0.7222222222222222,1.8333333333333333,15.854166666666664,83.91666666666667,3.5,368.4166666666667,0.1335795290521814,0.1106209491705246,0.6527777777777778,40.56944444444445,0.10765908197788819,1.7324242424242424,0.14904361799816346,16.100263774104683,82.61257575757575,1.1145454545454547,96.13712121212122,0.11552663769775635,0.1145036683594024,2.930123840034194,10.916363636363638,0.9349421487603307,0.9666666666666666,0.03252892561983471,0.9713636363636363,79.2314393939394,0.1142479260248139,1.2222222222222223,0.13580246913580246,17.111111111111107,70.88888888888889,2.2222222222222223,216.11111111111111,0.15547618995254692,0.14461491447588684,5.666666666666667,0.6296296296296297,0.8179012345679012,46.92901234567901,0.14313416350795638,2.947702779220087,0.75,0.4444444444444444,0.13019763569763568,0.14179626505977877,179.73028829966333,2.343221362487545,10.504706218222948,0.7318250172289652,0.3326165123452909,3.9740765358450307,11.947923173818626,9.486832980505138,10.816653826391969,9.486832980505138,12.36931687685298,239.625,8.743789082530169,0.7669688150609807,243.25466024052895,1.0151472519166571,324.0
R01-091,3,50,ok,,12,-191.0,57.1,149387.0,2.688721875540865,153.75,1.8297740919006076,63.0,-52.25,87.125,-14.5,-227.0,290.0,60.40625,111.57471338375316,-0.5140123789795797,4033449.0,0.16666666666666669,9718.854166666666,20.537619047619046,66.40311714616402,-1.3434821428571408,5.326765873015873,7.846428571428571,-0.2349579099112134,2.3797619047619047,1.3231037781734343,1.8895549886621315,0.38423809523809516,0.2926499676793794,0.8760913806146726,0.7653900913900914,-0.7905331680085098,0.9838729155776583,0.33212308201058205,4.5875,0.15705215419501134,2.7659609210305756,0.9933141579163749,0.17845238095238097,9.175,1.6705223198040433,3.2932986111111107,2.688721875540865,4.166666666666667,0.3472222222222222,0.6388888888888888,2.0,3.7430555555555554,23.25,4.0,115.75,0.26159155328798184,0.15749858276643994,0.5277777777777778,7.069444444444444,0.1425864512471655,1.8927272727272726,0.16436914600550961,3.8100975665748393,22.81409090909091,1.1472727272727272,27.545909090909095,0.16852132292310865,0.16358483560090703,2.7578886391743525,10.678181818181818,0.9194710743801652,0.9583333333333334,0.040264462809917356,0.9631818181818181,21.631136363636365,0.16235071377035665,1.25,0.15625,3.9375,18.0,2.75,74.875,0.27829435941043085,0.22022463151927438,3.75,0.46875,0.7013888888888888,7.253472222222222,0.21126275510204082,2.749999999999998,0.6666666666666666,0.5,0.1481369999599166,0.2812711657313228,34.99054222783389,0.3478855881344307,4.732162935626072,0.7318250172289652,0.3326165123452909,3.9740765358450307,11.947923173818626,9.486832980505138,10.816653826391969,9.486832980505138,12.36931687685298,239.625,8.743789082530169,0.7669688150609807,243.25466024052895,1.0151472519166571,324.0
R01-091,3,75,ok,,12,-191.0,57.1,149387.0,2.1887218755408653,153.75,1.8297740919006076,63.0,-52.25,87.125,-14.5,-227.0,290.0,60.40625,111.57471338375316,-0.5140123789795797,4033449.0,0.2361111111111111,9718.854166666666,13.73095238095238,15.38568950807534,-1.1728448763632418,2.5968843537414967,3.815238095238095,-0.23450029130134845,1.6023809523809522,1.1826705339867352,1.0731179138321996,0.4913809523809524,0.4152549019607844,0.8818941913311873,0.7799603174603175,-0.6754978197518502,0.9471131655953492,0.35210978835978834,3.7409523809523804,0.18786989795918368,2.5338180638877192,0.9431138016298796,0.24095238095238095,7.4819047619047625,1.5926275876972436,1.6030306122448976,2.5220552088741983,3.5,0.2916666666666667,1.0833333333333333,2.8333333333333335,1.7430555555555554,14.583333333333334,7.333333333333333,146.91666666666666,0.5063657407407408,0.17247685185185188,0.3483796296296296,2.292824074074074,0.13252314814814814,2.5644444444444443,0.23081032547699212,1.7828649117436997,14.09858585858586,1.269090909090909,19.477070707070702,0.1980625982042649,0.1828899551066218,2.4015962400735105,9.652727272727272,0.8574398530762167,0.9249999999999998,0.07128007346189164,0.9327272727272726,12.753964646464647,0.179096794332211,1.3333333333333333,0.2222222222222222,1.8055555555555554,9.833333333333334,5.333333333333333,98.16666666666667,0.5244907407407408,0.2856018518518519,2.0,0.3333333333333333,0.5706018518518519,2.4317129629629632,0.25620370370370366,2.2516291673878213,0.5,1.3333333333333333,0.2243214364138277,0.2907318727401287,11.803532848324515,0.23374729228461866,2.537454296007192,0.7318250172289652,0.3326165123452909,3.9740765358450307,11.947923173818626,9.486832980505138,10.816653826391969,9.486832980505138,12.36931687685298,239.625,8.743789082530169,0.7669688150609807,243.25466024052895,1.0151472519166571,324.0
R01-091,3,100,ok,,12,-191.0,57.1,149387.0,1.8553885422075325,153.75,1.8297740919006076,63.0,-52.25,87.125,-14.5,-227.0,290.0,60.40625,111.57471338375316,-0.5140123789795797,4033449.0,0.29166666666666663,9718.854166666666,8.879999999999999,5.772244844875591,-0.653860716985206,1.473205215419501,2.0214285714285714,-0.22376673290080662,1.1685714285714286,1.3564120370118613,0.5976224489795919,0.5492857142857143,0.501,0.8983210084033614,0.793734693877551,-0.4327485455389778,0.8212355217437837,0.5032738095238095,2.9995238095238093,0.1804311224489796,2.582865682935338,0.7384617767099328,0.24857142857142858,5.9990476190476185,1.5573894924591485,0.873658446712018,2.5220552088741988,4.0,0.3333333333333333,1.5555555555555554,3.5,0.9097222222222222,9.416666666666666,8.666666666666666,105.25,0.8692129629629629,0.20370370370370372,0.3912037037037037,1.806712962962963,0.1508568029835391,3.1827272727272726,0.28920247933884297,0.9359001377410469,9.12590909090909,1.3090909090909093,12.900454545454545,0.24237373737373735,0.21492424242424243,2.0977796498034467,9.452727272727273,0.8518842975206612,0.9166666666666666,0.10105785123966941,0.9338383838383839,8.28227272727273,0.20929643658810324,2.0,0.3333333333333333,0.8888888888888888,6.333333333333333,6.0,68.83333333333333,0.7546296296296297,0.32060185185185186,3.3333333333333335,0.5555555555555556,0.6875,2.4270833333333335,0.29347511574074076,1.7924812503605767,0.5,2.0,0.3578212092917975,0.32878727076122005,5.289950869236583,0.14969548814311545,1.5755579035190015,0.7318250172289652,0.3326165123452909,3.9740765358450307,11.947923173818626,9.486832980505138,10.816653826391969,9.486832980505138,12.36931687685298,239.625,8.743789082530169,0.7669688150609807,243.25466024052895,1.0151472519166571,324.0
R01-091,5,25,ok,,4,-101.89999999999999,24.10000000000002,23258.0,1.4999999999999991,45.0,2.020329008027908,55.0,-41.5,48.25,-48.0,-125.0,180.0,0.0,76.25286879849178,0.30167991603209754,2907250.0,0.375,4092.2500000000005,15.0,75.03125,0.0,6.125,18.5,-0.005050505050505067,3.5,0.4999999999999995,0.125,0.39375000000000004,0.29470588235294115,0.8107710025457631,0.7318181818181819,-0.583333333333333,0.6974051212741452,0.048504818594104306,4.25,0.5,1.2499999999999991,0.7499999999999994,0.5,8.5,0.4999999999999995,6.15625,1.4999999999999991,2.0,0.5,0.25,1.5,6.1875,24.25,2.5,48.25,0.37890625,0.28515625,0.625,18.25,0.26171875,1.375,0.3645833333333333,6.696180555555555,24.9375,1.25,28.9375,0.3193359375,0.3037109375,1.5212406251802881,3.4166666666666665,0.8888888888888888,0.9375,0.05555555555555555,0.9375,23.9375,0.2998046875,1.0,0.3333333333333333,8.222222222222221,27.0,2.0,43.0,0.421875,0.359375,1.6666666666666667,0.5555555555555556,0.75,23.0,0.34375,1.5849625007211552,0.75,0.2222222222222222,0.3809523809523809,0.3750000000000001,23.388888888888886,5.15625,8.65,1.0,0.0,0.0,10.0,10.0,10.0,11.180339887498949,11.180339887498949,270.8333333333333,10.0,0.862443351067717,234.72262642653143,0.8666681591133469,500.0
R01-091,5,50,ok,,4,-101.89999999999999,24.10000000000002,23258.0,1.4999999999999991,45.0,2.020329008027908,55.0,-41.5,48.25,-48.0,-125.0,180.0,0.0,76.25286879849178,0.30167991603209754,2907250.0,0.375,4092.2500000000005,8.0,8.0,0.0,2.0,6.0,0.0,2.0,-3.203426503814917e-16,0.0,0.4666666666666666,0.36470588235294116,0.8334735071488647,0.746031746031746,-0.583333333333333,0.6974051212741452,0.140625,3.0,0.5,1.2499999999999991,0.7499999999999994,0.5,6.0,0.4999999999999995,2.0,1.4999999999999991,2.0,0.5,0.25,1.5,2.0,11.0,2.5,24.5,0.4822222222222222,0.3155555555555556,0.625,7.625,0.2738888888888889,1.375,0.3645833333333333,2.1666666666666665,11.166666666666666,1.25,13.416666666666668,0.3603703703703704,0.3325925925925926,1.5212406251802881,3.4166666666666665,0.8888888888888888,0.9375,0.05555555555555555,0.9375,10.604166666666666,0.3256481481481482,1.0,0.3333333333333333,2.6666666666666665,11.666666666666666,2.0,20.666666666666668,0.4948148148148148,0.3837037037037037,1.6666666666666667,0.5555555555555556,0.75,9.416666666666666,0.3559259259259259,1.5849625007211552,0.75,0.2222222222222222,0.26666666666666666,0.75,7.111111111111111,0.8888888888888888,5.25,1.0,0.0,0.0,10.0,10.0,10.0,11.180339887498949,11.180339887498949,270.8333333333333,10.0,0.862443351067717,234.72262642653143,0.8666681591133469,500.0
R01-091,5,75,ok,,4,-101.89999999999999,24.10000000000002,23258.0,1.4999999999999991,45.0,2.020329008027908,55.0,-41.5,48.25,-48.0,-125.0,180.0,0.0,76.25286879849178,0.30167991603209754,2907250.0,0.375,4092.2500000000005,3.75,0.5,0.0,0.5,1.5,5.551115123125783e-17,1.0,-3.203426503814917e-16,0.0,0.5833333333333333,0.55,0.873076923076923,0.775,-0.583333333333333,0.6974051212741452,0.5625,2.0,0.5,1.2499999999999991,0.7499999999999994,0.5,4.0,0.4999999999999995,0.5,1.4999999999999991,2.0,0.5,0.25,1.5,0.5,4.5,2.5,10.5,0.7777777777777778,0.4027777777777778,0.625,3.0,0.3090277777777778,1.375,0.3645833333333333,0.5416666666666666,4.541666666666667,1.25,5.541666666666666,0.4780092592592593,0.4155092592592593,1.5212406251802881,3.4166666666666665,0.8888888888888888,0.9375,0.05555555555555555,0.9375,4.291666666666666,0.3998842592592593,1.0,0.3333333333333333,0.6666666666666666,4.666666666666667,2.0,8.666666666666666,0.7037037037037037,0.4537037037037037,1.6666666666666667,0.5555555555555556,0.75,3.6666666666666665,0.3912037037037037,1.5849625007211552,0.75,0.2222222222222222,0.22222222222222224,1.4999999999999998,1.7777777777777781,0.11111111111111112,2.6249999999999996,1.0,0.0,0.0,10.0,10.0,10.0,11.180339887498949,11.180339887498949,270.8333333333333,10.0,0.862443351067717,234.72262642653143,0.8666681591133469,500.0
R01-091,5,100,ok,,4,-101.89999999999999,24.10000000000002,23258.0,1.4999999999999991,45.0,2.020329008027908,55.0,-41.5,48.25,-48.0,-125.0,180.0,0.0,76.25286879849178,0.30167991603209754,2907250.0,0.375,4092.2500000000005,3.75,0.5,0.0,0.5,1.5,5.551115123125783e-17,1.0,-3.203426503814917e-16,0.0,0.5833333333333333,0.55,0.873076923076923,0.775,-0.583333333333333,0.6974051212741452,0.5625,2.0,0.5,1.2499999999999991,0.7499999999999994,0.5,4.0,0.4999999999999995,0.5,1.4999999999999991,2.0,0.5,0.25,1.5,0.5,4.5,2.5,10.5,0.7777777777777778,0.4027777777777778,0.625,3.0,0.3090277777777778,1.375,0.3645833333333333,0.5416666666666666,4.541666666666667,1.25,5.541666666666666,0.4780092592592593,0.4155092592592593,1.5212406251802881,3.4166666666666665,0.8888888888888888,0.9375,0.05555555555555555,0.9375,4.291666666666666,0.3998842592592593,1.0,0.3333333333333333,0.6666666666666666,4.666666666666667,2.0,8.666666666666666,0.7037037037037037,0.4537037037037037,1.6666666666666667,0.5555555555555556,0.75,3.6666666666666665,0.3912037037037037,1.5849625007211552,0.75,0.2222222222222222,0.22222222222222224,1.4999999999999998,1.7777777777777781,0.11111111111111112,2.6249999999999996,1.0,0.0,0.0,10.0,10.0,10.0,11.180339887498949,11.180339887498949,270.8333333333333,10.0,0.862443351067717,234.72262642653143,0.8666681591133469,500.0
